"LOCATION","INDICATOR","SUBJECT","MEASURE","FREQUENCY","TIME","Value","Flag Codes"
"AUS","AGRPNPC","TOT","RT","A","1986",1.11198568,
"AUS","AGRPNPC","TOT","RT","A","1987",1.067420821,
"AUS","AGRPNPC","TOT","RT","A","1988",1.077049405,
"AUS","AGRPNPC","TOT","RT","A","1989",1.071516691,
"AUS","AGRPNPC","TOT","RT","A","1990",1.084205852,
"AUS","AGRPNPC","TOT","RT","A","1991",1.071068622,
"AUS","AGRPNPC","TOT","RT","A","1992",1.076693043,
"AUS","AGRPNPC","TOT","RT","A","1993",1.070676785,
"AUS","AGRPNPC","TOT","RT","A","1994",1.066380834,
"AUS","AGRPNPC","TOT","RT","A","1995",1.031246039,
"AUS","AGRPNPC","TOT","RT","A","1996",1.030705692,
"AUS","AGRPNPC","TOT","RT","A","1997",1.029045779,
"AUS","AGRPNPC","TOT","RT","A","1998",1.032681197,
"AUS","AGRPNPC","TOT","RT","A","1999",1.021132475,
"AUS","AGRPNPC","TOT","RT","A","2000",1,
"AUS","AGRPNPC","TOT","RT","A","2001",1,
"AUS","AGRPNPC","TOT","RT","A","2002",1,
"AUS","AGRPNPC","TOT","RT","A","2003",1,
"AUS","AGRPNPC","TOT","RT","A","2004",1,
"AUS","AGRPNPC","TOT","RT","A","2005",1,
"AUS","AGRPNPC","TOT","RT","A","2006",1,
"AUS","AGRPNPC","TOT","RT","A","2007",1,
"AUS","AGRPNPC","TOT","RT","A","2008",1,
"AUS","AGRPNPC","TOT","RT","A","2009",1,
"AUS","AGRPNPC","TOT","RT","A","2010",1,
"AUS","AGRPNPC","TOT","RT","A","2011",1,
"AUS","AGRPNPC","TOT","RT","A","2012",1,
"AUS","AGRPNPC","TOT","RT","A","2013",1.00000022,
"AUS","AGRPNPC","TOT","RT","A","2014",1,
"AUS","AGRPNPC","TOT","RT","A","2015",1,
"AUS","AGRPNPC","TOT","RT","A","2016",1,
"AUS","AGRPNPC","TOT","RT","A","2017",1,
"AUS","AGRPNPC","TOT","RT","A","2018",1,
"CAN","AGRPNPC","TOT","RT","A","1986",1.405767752,
"CAN","AGRPNPC","TOT","RT","A","1987",1.45400429,
"CAN","AGRPNPC","TOT","RT","A","1988",1.302312647,
"CAN","AGRPNPC","TOT","RT","A","1989",1.263102743,
"CAN","AGRPNPC","TOT","RT","A","1990",1.353275045,
"CAN","AGRPNPC","TOT","RT","A","1991",1.336389188,
"CAN","AGRPNPC","TOT","RT","A","1992",1.275418578,
"CAN","AGRPNPC","TOT","RT","A","1993",1.233700782,
"CAN","AGRPNPC","TOT","RT","A","1994",1.190312898,
"CAN","AGRPNPC","TOT","RT","A","1995",1.113253903,
"CAN","AGRPNPC","TOT","RT","A","1996",1.091709333,
"CAN","AGRPNPC","TOT","RT","A","1997",1.103797595,
"CAN","AGRPNPC","TOT","RT","A","1998",1.115132844,
"CAN","AGRPNPC","TOT","RT","A","1999",1.11554025,
"CAN","AGRPNPC","TOT","RT","A","2000",1.123169434,
"CAN","AGRPNPC","TOT","RT","A","2001",1.077258502,
"CAN","AGRPNPC","TOT","RT","A","2002",1.117676902,
"CAN","AGRPNPC","TOT","RT","A","2003",1.147246299,
"CAN","AGRPNPC","TOT","RT","A","2004",1.106284642,
"CAN","AGRPNPC","TOT","RT","A","2005",1.115301368,
"CAN","AGRPNPC","TOT","RT","A","2006",1.145455911,
"CAN","AGRPNPC","TOT","RT","A","2007",1.087131037,
"CAN","AGRPNPC","TOT","RT","A","2008",1.070360084,
"CAN","AGRPNPC","TOT","RT","A","2009",1.117888197,
"CAN","AGRPNPC","TOT","RT","A","2010",1.115446477,
"CAN","AGRPNPC","TOT","RT","A","2011",1.098946461,
"CAN","AGRPNPC","TOT","RT","A","2012",1.099286275,
"CAN","AGRPNPC","TOT","RT","A","2013",1.07591867,
"CAN","AGRPNPC","TOT","RT","A","2014",1.057544244,
"CAN","AGRPNPC","TOT","RT","A","2015",1.05901332,
"CAN","AGRPNPC","TOT","RT","A","2016",1.071430396,
"CAN","AGRPNPC","TOT","RT","A","2017",1.060277669,
"CAN","AGRPNPC","TOT","RT","A","2018",1.052355187,
"ISL","AGRPNPC","TOT","RT","A","1986",3.947821317,
"ISL","AGRPNPC","TOT","RT","A","1987",4.920821164,
"ISL","AGRPNPC","TOT","RT","A","1988",3.779198689,
"ISL","AGRPNPC","TOT","RT","A","1989",3.257056872,
"ISL","AGRPNPC","TOT","RT","A","1990",3.431778175,
"ISL","AGRPNPC","TOT","RT","A","1991",4.249815034,
"ISL","AGRPNPC","TOT","RT","A","1992",3.41780259,
"ISL","AGRPNPC","TOT","RT","A","1993",3.012789659,
"ISL","AGRPNPC","TOT","RT","A","1994",2.534601164,
"ISL","AGRPNPC","TOT","RT","A","1995",2.248703167,
"ISL","AGRPNPC","TOT","RT","A","1996",2.263728218,
"ISL","AGRPNPC","TOT","RT","A","1997",2.282659566,
"ISL","AGRPNPC","TOT","RT","A","1998",2.882556301,
"ISL","AGRPNPC","TOT","RT","A","1999",2.867713475,
"ISL","AGRPNPC","TOT","RT","A","2000",2.63690255,
"ISL","AGRPNPC","TOT","RT","A","2001",2.186293937,
"ISL","AGRPNPC","TOT","RT","A","2002",2.538079441,
"ISL","AGRPNPC","TOT","RT","A","2003",2.428883833,
"ISL","AGRPNPC","TOT","RT","A","2004",2.593174508,
"ISL","AGRPNPC","TOT","RT","A","2005",2.71932749,
"ISL","AGRPNPC","TOT","RT","A","2006",2.444168671,
"ISL","AGRPNPC","TOT","RT","A","2007",1.905332463,
"ISL","AGRPNPC","TOT","RT","A","2008",1.741946577,
"ISL","AGRPNPC","TOT","RT","A","2009",1.678538559,
"ISL","AGRPNPC","TOT","RT","A","2010",1.553240155,
"ISL","AGRPNPC","TOT","RT","A","2011",1.559665926,
"ISL","AGRPNPC","TOT","RT","A","2012",1.595616625,
"ISL","AGRPNPC","TOT","RT","A","2013",1.48973414,
"ISL","AGRPNPC","TOT","RT","A","2014",1.771251142,
"ISL","AGRPNPC","TOT","RT","A","2015",2.043180244,
"ISL","AGRPNPC","TOT","RT","A","2016",2.178657661,
"ISL","AGRPNPC","TOT","RT","A","2017",2.080163764,
"ISL","AGRPNPC","TOT","RT","A","2018",2.050211042,
"JPN","AGRPNPC","TOT","RT","A","1986",2.692251131,
"JPN","AGRPNPC","TOT","RT","A","1987",2.64318454,
"JPN","AGRPNPC","TOT","RT","A","1988",2.486107276,
"JPN","AGRPNPC","TOT","RT","A","1989",2.18783199,
"JPN","AGRPNPC","TOT","RT","A","1990",1.980446875,
"JPN","AGRPNPC","TOT","RT","A","1991",1.959033883,
"JPN","AGRPNPC","TOT","RT","A","1992",2.219034359,
"JPN","AGRPNPC","TOT","RT","A","1993",2.198770354,
"JPN","AGRPNPC","TOT","RT","A","1994",2.481839814,
"JPN","AGRPNPC","TOT","RT","A","1995",2.461412585,
"JPN","AGRPNPC","TOT","RT","A","1996",2.201247723,
"JPN","AGRPNPC","TOT","RT","A","1997",2.014916428,
"JPN","AGRPNPC","TOT","RT","A","1998",2.171862617,
"JPN","AGRPNPC","TOT","RT","A","1999",2.31481339,
"JPN","AGRPNPC","TOT","RT","A","2000",2.300342196,
"JPN","AGRPNPC","TOT","RT","A","2001",2.134962495,
"JPN","AGRPNPC","TOT","RT","A","2002",2.162965947,
"JPN","AGRPNPC","TOT","RT","A","2003",2.183273877,
"JPN","AGRPNPC","TOT","RT","A","2004",2.057521055,
"JPN","AGRPNPC","TOT","RT","A","2005",2.012553923,
"JPN","AGRPNPC","TOT","RT","A","2006",1.922421118,
"JPN","AGRPNPC","TOT","RT","A","2007",1.750381575,
"JPN","AGRPNPC","TOT","RT","A","2008",1.778034365,
"JPN","AGRPNPC","TOT","RT","A","2009",1.777727271,
"JPN","AGRPNPC","TOT","RT","A","2010",1.918291861,
"JPN","AGRPNPC","TOT","RT","A","2011",1.774875054,
"JPN","AGRPNPC","TOT","RT","A","2012",1.988513467,
"JPN","AGRPNPC","TOT","RT","A","2013",1.849908778,
"JPN","AGRPNPC","TOT","RT","A","2014",1.738805044,
"JPN","AGRPNPC","TOT","RT","A","2015",1.59788078,
"JPN","AGRPNPC","TOT","RT","A","2016",1.75119194,
"JPN","AGRPNPC","TOT","RT","A","2017",1.793494199,
"JPN","AGRPNPC","TOT","RT","A","2018",1.793593777,
"KOR","AGRPNPC","TOT","RT","A","1986",2.872954451,
"KOR","AGRPNPC","TOT","RT","A","1987",3.178611579,
"KOR","AGRPNPC","TOT","RT","A","1988",4.089383149,
"KOR","AGRPNPC","TOT","RT","A","1989",4.018170926,
"KOR","AGRPNPC","TOT","RT","A","1990",3.784589637,
"KOR","AGRPNPC","TOT","RT","A","1991",3.748628452,
"KOR","AGRPNPC","TOT","RT","A","1992",3.508858105,
"KOR","AGRPNPC","TOT","RT","A","1993",3.52706498,
"KOR","AGRPNPC","TOT","RT","A","1994",3.557864321,
"KOR","AGRPNPC","TOT","RT","A","1995",3.531313402,
"KOR","AGRPNPC","TOT","RT","A","1996",2.739434969,
"KOR","AGRPNPC","TOT","RT","A","1997",2.646897843,
"KOR","AGRPNPC","TOT","RT","A","1998",2.244470445,
"KOR","AGRPNPC","TOT","RT","A","1999",2.817713345,
"KOR","AGRPNPC","TOT","RT","A","2000",2.913662689,
"KOR","AGRPNPC","TOT","RT","A","2001",2.281766188,
"KOR","AGRPNPC","TOT","RT","A","2002",2.376819516,
"KOR","AGRPNPC","TOT","RT","A","2003",2.191615866,
"KOR","AGRPNPC","TOT","RT","A","2004",2.477437952,
"KOR","AGRPNPC","TOT","RT","A","2005",2.299438239,
"KOR","AGRPNPC","TOT","RT","A","2006",2.279018346,
"KOR","AGRPNPC","TOT","RT","A","2007",2.183782863,
"KOR","AGRPNPC","TOT","RT","A","2008",1.803479656,
"KOR","AGRPNPC","TOT","RT","A","2009",2.023101921,
"KOR","AGRPNPC","TOT","RT","A","2010",1.782935499,
"KOR","AGRPNPC","TOT","RT","A","2011",2.065082496,
"KOR","AGRPNPC","TOT","RT","A","2012",2.04137822,
"KOR","AGRPNPC","TOT","RT","A","2013",2.027575162,
"KOR","AGRPNPC","TOT","RT","A","2014",1.909856421,
"KOR","AGRPNPC","TOT","RT","A","2015",1.990891651,
"KOR","AGRPNPC","TOT","RT","A","2016",1.853624784,
"KOR","AGRPNPC","TOT","RT","A","2017",1.941519451,
"KOR","AGRPNPC","TOT","RT","A","2018",2.117720092,
"MEX","AGRPNPC","TOT","RT","A","1991",1.303339496,
"MEX","AGRPNPC","TOT","RT","A","1992",1.357365258,
"MEX","AGRPNPC","TOT","RT","A","1993",1.361567719,
"MEX","AGRPNPC","TOT","RT","A","1994",1.180354219,
"MEX","AGRPNPC","TOT","RT","A","1995",0.916589154,
"MEX","AGRPNPC","TOT","RT","A","1996",0.988620261,
"MEX","AGRPNPC","TOT","RT","A","1997",1.110562166,
"MEX","AGRPNPC","TOT","RT","A","1998",1.162147948,
"MEX","AGRPNPC","TOT","RT","A","1999",1.174984398,
"MEX","AGRPNPC","TOT","RT","A","2000",1.243544643,
"MEX","AGRPNPC","TOT","RT","A","2001",1.153641194,
"MEX","AGRPNPC","TOT","RT","A","2002",1.298133637,
"MEX","AGRPNPC","TOT","RT","A","2003",1.140915169,
"MEX","AGRPNPC","TOT","RT","A","2004",1.062029525,
"MEX","AGRPNPC","TOT","RT","A","2005",1.064356146,
"MEX","AGRPNPC","TOT","RT","A","2006",1.059625547,
"MEX","AGRPNPC","TOT","RT","A","2007",1.053889106,
"MEX","AGRPNPC","TOT","RT","A","2008",1.036601481,
"MEX","AGRPNPC","TOT","RT","A","2009",1.041096392,
"MEX","AGRPNPC","TOT","RT","A","2010",1.042371498,
"MEX","AGRPNPC","TOT","RT","A","2011",1.034051676,
"MEX","AGRPNPC","TOT","RT","A","2012",1.045984588,
"MEX","AGRPNPC","TOT","RT","A","2013",1.030798994,
"MEX","AGRPNPC","TOT","RT","A","2014",1.017552555,
"MEX","AGRPNPC","TOT","RT","A","2015",1.033224128,
"MEX","AGRPNPC","TOT","RT","A","2016",1.014823379,
"MEX","AGRPNPC","TOT","RT","A","2017",1.028382637,
"MEX","AGRPNPC","TOT","RT","A","2018",1.031881172,
"NZL","AGRPNPC","TOT","RT","A","1986",1.022665385,
"NZL","AGRPNPC","TOT","RT","A","1987",1.018455228,
"NZL","AGRPNPC","TOT","RT","A","1988",1.010129282,
"NZL","AGRPNPC","TOT","RT","A","1989",1.008665897,
"NZL","AGRPNPC","TOT","RT","A","1990",1.009218976,
"NZL","AGRPNPC","TOT","RT","A","1991",1.009623411,
"NZL","AGRPNPC","TOT","RT","A","1992",1.005699174,
"NZL","AGRPNPC","TOT","RT","A","1993",1.003892708,
"NZL","AGRPNPC","TOT","RT","A","1994",1.006861151,
"NZL","AGRPNPC","TOT","RT","A","1995",1.009539158,
"NZL","AGRPNPC","TOT","RT","A","1996",1.004945193,
"NZL","AGRPNPC","TOT","RT","A","1997",1.005721483,
"NZL","AGRPNPC","TOT","RT","A","1998",1.004761791,
"NZL","AGRPNPC","TOT","RT","A","1999",1.00444593,
"NZL","AGRPNPC","TOT","RT","A","2000",1.000439576,
"NZL","AGRPNPC","TOT","RT","A","2001",1.002996503,
"NZL","AGRPNPC","TOT","RT","A","2002",1.00512755,
"NZL","AGRPNPC","TOT","RT","A","2003",1.008451908,
"NZL","AGRPNPC","TOT","RT","A","2004",1.006219877,
"NZL","AGRPNPC","TOT","RT","A","2005",1.01049274,
"NZL","AGRPNPC","TOT","RT","A","2006",1.008486876,
"NZL","AGRPNPC","TOT","RT","A","2007",1.006642851,
"NZL","AGRPNPC","TOT","RT","A","2008",1.004161291,
"NZL","AGRPNPC","TOT","RT","A","2009",1.002203673,
"NZL","AGRPNPC","TOT","RT","A","2010",1.005856432,
"NZL","AGRPNPC","TOT","RT","A","2011",1.008388294,
"NZL","AGRPNPC","TOT","RT","A","2012",1.00589901,
"NZL","AGRPNPC","TOT","RT","A","2013",1.003323299,
"NZL","AGRPNPC","TOT","RT","A","2014",1.003753592,
"NZL","AGRPNPC","TOT","RT","A","2015",1.004170089,
"NZL","AGRPNPC","TOT","RT","A","2016",1.008101552,
"NZL","AGRPNPC","TOT","RT","A","2017",1.007419265,
"NZL","AGRPNPC","TOT","RT","A","2018",1.003651591,
"NOR","AGRPNPC","TOT","RT","A","1986",4.167265229,
"NOR","AGRPNPC","TOT","RT","A","1987",4.338672997,
"NOR","AGRPNPC","TOT","RT","A","1988",3.738922174,
"NOR","AGRPNPC","TOT","RT","A","1989",3.090922705,
"NOR","AGRPNPC","TOT","RT","A","1990",3.989542845,
"NOR","AGRPNPC","TOT","RT","A","1991",4.174934226,
"NOR","AGRPNPC","TOT","RT","A","1992",3.519265686,
"NOR","AGRPNPC","TOT","RT","A","1993",3.307387311,
"NOR","AGRPNPC","TOT","RT","A","1994",3.161318196,
"NOR","AGRPNPC","TOT","RT","A","1995",2.429566666,
"NOR","AGRPNPC","TOT","RT","A","1996",2.455509921,
"NOR","AGRPNPC","TOT","RT","A","1997",2.6255107,
"NOR","AGRPNPC","TOT","RT","A","1998",3.162900067,
"NOR","AGRPNPC","TOT","RT","A","1999",3.240076912,
"NOR","AGRPNPC","TOT","RT","A","2000",2.463445458,
"NOR","AGRPNPC","TOT","RT","A","2001",2.277830677,
"NOR","AGRPNPC","TOT","RT","A","2002",3.134197164,
"NOR","AGRPNPC","TOT","RT","A","2003",2.632785496,
"NOR","AGRPNPC","TOT","RT","A","2004",2.258583019,
"NOR","AGRPNPC","TOT","RT","A","2005",2.287775646,
"NOR","AGRPNPC","TOT","RT","A","2006",2.104141959,
"NOR","AGRPNPC","TOT","RT","A","2007",1.569783824,
"NOR","AGRPNPC","TOT","RT","A","2008",1.749782102,
"NOR","AGRPNPC","TOT","RT","A","2009",1.927839525,
"NOR","AGRPNPC","TOT","RT","A","2010",1.870516957,
"NOR","AGRPNPC","TOT","RT","A","2011",1.73874887,
"NOR","AGRPNPC","TOT","RT","A","2012",1.741542465,
"NOR","AGRPNPC","TOT","RT","A","2013",1.697256068,
"NOR","AGRPNPC","TOT","RT","A","2014",1.832470437,
"NOR","AGRPNPC","TOT","RT","A","2015",1.895339915,
"NOR","AGRPNPC","TOT","RT","A","2016",1.997098366,
"NOR","AGRPNPC","TOT","RT","A","2017",1.987576587,
"NOR","AGRPNPC","TOT","RT","A","2018",1.998500855,
"CHE","AGRPNPC","TOT","RT","A","1986",3.873962437,
"CHE","AGRPNPC","TOT","RT","A","1987",4.24249099,
"CHE","AGRPNPC","TOT","RT","A","1988",4.547283136,
"CHE","AGRPNPC","TOT","RT","A","1989",2.772490001,
"CHE","AGRPNPC","TOT","RT","A","1990",3.56466481,
"CHE","AGRPNPC","TOT","RT","A","1991",3.738375075,
"CHE","AGRPNPC","TOT","RT","A","1992",2.652363611,
"CHE","AGRPNPC","TOT","RT","A","1993",3.2294609,
"CHE","AGRPNPC","TOT","RT","A","1994",3.362720241,
"CHE","AGRPNPC","TOT","RT","A","1995",2.556908197,
"CHE","AGRPNPC","TOT","RT","A","1996",2.775616188,
"CHE","AGRPNPC","TOT","RT","A","1997",2.746570502,
"CHE","AGRPNPC","TOT","RT","A","1998",3.082110681,
"CHE","AGRPNPC","TOT","RT","A","1999",3.177774071,
"CHE","AGRPNPC","TOT","RT","A","2000",2.616378461,
"CHE","AGRPNPC","TOT","RT","A","2001",2.245519925,
"CHE","AGRPNPC","TOT","RT","A","2002",2.513478943,
"CHE","AGRPNPC","TOT","RT","A","2003",2.332174196,
"CHE","AGRPNPC","TOT","RT","A","2004",2.363463239,
"CHE","AGRPNPC","TOT","RT","A","2005",2.138944257,
"CHE","AGRPNPC","TOT","RT","A","2006",2.027817589,
"CHE","AGRPNPC","TOT","RT","A","2007",1.487567642,
"CHE","AGRPNPC","TOT","RT","A","2008",1.629138958,
"CHE","AGRPNPC","TOT","RT","A","2009",1.70854259,
"CHE","AGRPNPC","TOT","RT","A","2010",1.415632181,
"CHE","AGRPNPC","TOT","RT","A","2011",1.447345862,
"CHE","AGRPNPC","TOT","RT","A","2012",1.413718633,
"CHE","AGRPNPC","TOT","RT","A","2013",1.351779424,
"CHE","AGRPNPC","TOT","RT","A","2014",1.590545919,
"CHE","AGRPNPC","TOT","RT","A","2015",1.699739571,
"CHE","AGRPNPC","TOT","RT","A","2016",1.720758724,
"CHE","AGRPNPC","TOT","RT","A","2017",1.48495718,
"CHE","AGRPNPC","TOT","RT","A","2018",1.531824702,
"TUR","AGRPNPC","TOT","RT","A","1986",1.17546236,
"TUR","AGRPNPC","TOT","RT","A","1987",1.262660888,
"TUR","AGRPNPC","TOT","RT","A","1988",1.24601353,
"TUR","AGRPNPC","TOT","RT","A","1989",1.2206067,
"TUR","AGRPNPC","TOT","RT","A","1990",1.299552494,
"TUR","AGRPNPC","TOT","RT","A","1991",1.528551471,
"TUR","AGRPNPC","TOT","RT","A","1992",1.4880868,
"TUR","AGRPNPC","TOT","RT","A","1993",1.353126294,
"TUR","AGRPNPC","TOT","RT","A","1994",1.278575568,
"TUR","AGRPNPC","TOT","RT","A","1995",1.273328446,
"TUR","AGRPNPC","TOT","RT","A","1996",1.239352357,
"TUR","AGRPNPC","TOT","RT","A","1997",1.353032775,
"TUR","AGRPNPC","TOT","RT","A","1998",1.45852349,
"TUR","AGRPNPC","TOT","RT","A","1999",1.485738333,
"TUR","AGRPNPC","TOT","RT","A","2000",1.44443064,
"TUR","AGRPNPC","TOT","RT","A","2001",1.179201742,
"TUR","AGRPNPC","TOT","RT","A","2002",1.27408641,
"TUR","AGRPNPC","TOT","RT","A","2003",1.390979997,
"TUR","AGRPNPC","TOT","RT","A","2004",1.379495783,
"TUR","AGRPNPC","TOT","RT","A","2005",1.354664266,
"TUR","AGRPNPC","TOT","RT","A","2006",1.389624885,
"TUR","AGRPNPC","TOT","RT","A","2007",1.270924545,
"TUR","AGRPNPC","TOT","RT","A","2008",1.324121467,
"TUR","AGRPNPC","TOT","RT","A","2009",1.335434785,
"TUR","AGRPNPC","TOT","RT","A","2010",1.377153757,
"TUR","AGRPNPC","TOT","RT","A","2011",1.26704628,
"TUR","AGRPNPC","TOT","RT","A","2012",1.226362201,
"TUR","AGRPNPC","TOT","RT","A","2013",1.217620843,
"TUR","AGRPNPC","TOT","RT","A","2014",1.298052757,
"TUR","AGRPNPC","TOT","RT","A","2015",1.235386078,
"TUR","AGRPNPC","TOT","RT","A","2016",1.252586762,
"TUR","AGRPNPC","TOT","RT","A","2017",1.189197082,
"TUR","AGRPNPC","TOT","RT","A","2018",1.123961692,
"USA","AGRPNPC","TOT","RT","A","1986",1.139201341,
"USA","AGRPNPC","TOT","RT","A","1987",1.135713507,
"USA","AGRPNPC","TOT","RT","A","1988",1.085442412,
"USA","AGRPNPC","TOT","RT","A","1989",1.137429359,
"USA","AGRPNPC","TOT","RT","A","1990",1.087800695,
"USA","AGRPNPC","TOT","RT","A","1991",1.096940264,
"USA","AGRPNPC","TOT","RT","A","1992",1.093480097,
"USA","AGRPNPC","TOT","RT","A","1993",1.102851543,
"USA","AGRPNPC","TOT","RT","A","1994",1.077689004,
"USA","AGRPNPC","TOT","RT","A","1995",1.045665868,
"USA","AGRPNPC","TOT","RT","A","1996",1.066967099,
"USA","AGRPNPC","TOT","RT","A","1997",1.06768789,
"USA","AGRPNPC","TOT","RT","A","1998",1.136007656,
"USA","AGRPNPC","TOT","RT","A","1999",1.1792551,
"USA","AGRPNPC","TOT","RT","A","2000",1.148702214,
"USA","AGRPNPC","TOT","RT","A","2001",1.141287542,
"USA","AGRPNPC","TOT","RT","A","2002",1.08453767,
"USA","AGRPNPC","TOT","RT","A","2003",1.059583687,
"USA","AGRPNPC","TOT","RT","A","2004",1.078771656,
"USA","AGRPNPC","TOT","RT","A","2005",1.063903535,
"USA","AGRPNPC","TOT","RT","A","2006",1.0269161,
"USA","AGRPNPC","TOT","RT","A","2007",1.04120076,
"USA","AGRPNPC","TOT","RT","A","2008",1.006706037,
"USA","AGRPNPC","TOT","RT","A","2009",1.016333167,
"USA","AGRPNPC","TOT","RT","A","2010",1.022778038,
"USA","AGRPNPC","TOT","RT","A","2011",1.011928643,
"USA","AGRPNPC","TOT","RT","A","2012",1.018415896,
"USA","AGRPNPC","TOT","RT","A","2013",1.008731885,
"USA","AGRPNPC","TOT","RT","A","2014",1.02465837,
"USA","AGRPNPC","TOT","RT","A","2015",1.0283324,
"USA","AGRPNPC","TOT","RT","A","2016",1.030471152,
"USA","AGRPNPC","TOT","RT","A","2017",1.032324055,
"USA","AGRPNPC","TOT","RT","A","2018",1.068371953,
"BRA","AGRPNPC","TOT","RT","A","1995",0.824964525,
"BRA","AGRPNPC","TOT","RT","A","1996",0.803707919,
"BRA","AGRPNPC","TOT","RT","A","1997",0.82978524,
"BRA","AGRPNPC","TOT","RT","A","1998",0.891257948,
"BRA","AGRPNPC","TOT","RT","A","1999",0.836319377,
"BRA","AGRPNPC","TOT","RT","A","2000",1.037076775,
"BRA","AGRPNPC","TOT","RT","A","2001",1.003190851,
"BRA","AGRPNPC","TOT","RT","A","2002",1.005887406,
"BRA","AGRPNPC","TOT","RT","A","2003",1.019813382,
"BRA","AGRPNPC","TOT","RT","A","2004",1.012846449,
"BRA","AGRPNPC","TOT","RT","A","2005",1.042221194,
"BRA","AGRPNPC","TOT","RT","A","2006",1.027790824,
"BRA","AGRPNPC","TOT","RT","A","2007",1.038559694,
"BRA","AGRPNPC","TOT","RT","A","2008",1.017231294,
"BRA","AGRPNPC","TOT","RT","A","2009",1.074208372,
"BRA","AGRPNPC","TOT","RT","A","2010",1.046646977,
"BRA","AGRPNPC","TOT","RT","A","2011",1.036126783,
"BRA","AGRPNPC","TOT","RT","A","2012",1.016878096,
"BRA","AGRPNPC","TOT","RT","A","2013",1.008858564,
"BRA","AGRPNPC","TOT","RT","A","2014",1.008437294,
"BRA","AGRPNPC","TOT","RT","A","2015",1.004003241,
"BRA","AGRPNPC","TOT","RT","A","2016",1.025314262,
"BRA","AGRPNPC","TOT","RT","A","2017",1.012259553,
"BRA","AGRPNPC","TOT","RT","A","2018",1.009399771,
"CHL","AGRPNPC","TOT","RT","A","1995",1.073405478,
"CHL","AGRPNPC","TOT","RT","A","1996",1.056584565,
"CHL","AGRPNPC","TOT","RT","A","1997",1.054985774,
"CHL","AGRPNPC","TOT","RT","A","1998",1.087774603,
"CHL","AGRPNPC","TOT","RT","A","1999",1.079112334,
"CHL","AGRPNPC","TOT","RT","A","2000",1.082754179,
"CHL","AGRPNPC","TOT","RT","A","2001",1.025713498,
"CHL","AGRPNPC","TOT","RT","A","2002",1.056895641,
"CHL","AGRPNPC","TOT","RT","A","2003",1.025133659,
"CHL","AGRPNPC","TOT","RT","A","2004",1.019615023,
"CHL","AGRPNPC","TOT","RT","A","2005",1.017930028,
"CHL","AGRPNPC","TOT","RT","A","2006",1.01344513,
"CHL","AGRPNPC","TOT","RT","A","2007",1.008159101,
"CHL","AGRPNPC","TOT","RT","A","2008",1.001572249,
"CHL","AGRPNPC","TOT","RT","A","2009",1.009418481,
"CHL","AGRPNPC","TOT","RT","A","2010",1.000862138,
"CHL","AGRPNPC","TOT","RT","A","2011",1.001128934,
"CHL","AGRPNPC","TOT","RT","A","2012",1.000926599,
"CHL","AGRPNPC","TOT","RT","A","2013",1.000788456,
"CHL","AGRPNPC","TOT","RT","A","2014",1.000735534,
"CHL","AGRPNPC","TOT","RT","A","2015",1.000834065,
"CHL","AGRPNPC","TOT","RT","A","2016",1.000578101,
"CHL","AGRPNPC","TOT","RT","A","2017",1.001150582,
"CHL","AGRPNPC","TOT","RT","A","2018",1.000761654,
"CHN","AGRPNPC","TOT","RT","A","1995",1.055804631,
"CHN","AGRPNPC","TOT","RT","A","1996",0.970500766,
"CHN","AGRPNPC","TOT","RT","A","1997",0.988799768,
"CHN","AGRPNPC","TOT","RT","A","1998",0.982727138,
"CHN","AGRPNPC","TOT","RT","A","1999",0.961389154,
"CHN","AGRPNPC","TOT","RT","A","2000",1.008288627,
"CHN","AGRPNPC","TOT","RT","A","2001",1.017774666,
"CHN","AGRPNPC","TOT","RT","A","2002",1.048441134,
"CHN","AGRPNPC","TOT","RT","A","2003",1.064300354,
"CHN","AGRPNPC","TOT","RT","A","2004",1.030685083,
"CHN","AGRPNPC","TOT","RT","A","2005",1.037122605,
"CHN","AGRPNPC","TOT","RT","A","2006",1.074172377,
"CHN","AGRPNPC","TOT","RT","A","2007",1.065614424,
"CHN","AGRPNPC","TOT","RT","A","2008",0.992827166,
"CHN","AGRPNPC","TOT","RT","A","2009",1.07087342,
"CHN","AGRPNPC","TOT","RT","A","2010",1.107690087,
"CHN","AGRPNPC","TOT","RT","A","2011",1.057701639,
"CHN","AGRPNPC","TOT","RT","A","2012",1.127000722,
"CHN","AGRPNPC","TOT","RT","A","2013",1.144979239,
"CHN","AGRPNPC","TOT","RT","A","2014",1.141989794,
"CHN","AGRPNPC","TOT","RT","A","2015",1.152910111,
"CHN","AGRPNPC","TOT","RT","A","2016",1.140398414,
"CHN","AGRPNPC","TOT","RT","A","2017",1.125822507,
"CHN","AGRPNPC","TOT","RT","A","2018",1.108616524,
"ISR","AGRPNPC","TOT","RT","A","1995",1.160368122,
"ISR","AGRPNPC","TOT","RT","A","1996",1.190114083,
"ISR","AGRPNPC","TOT","RT","A","1997",1.223610537,
"ISR","AGRPNPC","TOT","RT","A","1998",1.215267097,
"ISR","AGRPNPC","TOT","RT","A","1999",1.223789303,
"ISR","AGRPNPC","TOT","RT","A","2000",1.226806316,
"ISR","AGRPNPC","TOT","RT","A","2001",1.184519058,
"ISR","AGRPNPC","TOT","RT","A","2002",1.127977189,
"ISR","AGRPNPC","TOT","RT","A","2003",1.073975853,
"ISR","AGRPNPC","TOT","RT","A","2004",1.075581444,
"ISR","AGRPNPC","TOT","RT","A","2005",1.093645579,
"ISR","AGRPNPC","TOT","RT","A","2006",1.062110254,
"ISR","AGRPNPC","TOT","RT","A","2007",0.993320079,
"ISR","AGRPNPC","TOT","RT","A","2008",1.132534421,
"ISR","AGRPNPC","TOT","RT","A","2009",1.113398499,
"ISR","AGRPNPC","TOT","RT","A","2010",1.118619232,
"ISR","AGRPNPC","TOT","RT","A","2011",1.10481063,
"ISR","AGRPNPC","TOT","RT","A","2012",1.064307606,
"ISR","AGRPNPC","TOT","RT","A","2013",1.05720184,
"ISR","AGRPNPC","TOT","RT","A","2014",1.095537777,
"ISR","AGRPNPC","TOT","RT","A","2015",1.151044459,
"ISR","AGRPNPC","TOT","RT","A","2016",1.158600929,
"ISR","AGRPNPC","TOT","RT","A","2017",1.133941879,
"ISR","AGRPNPC","TOT","RT","A","2018",1.143424485,
"KAZ","AGRPNPC","TOT","RT","A","1995",1.17684543,
"KAZ","AGRPNPC","TOT","RT","A","1996",1.013221841,
"KAZ","AGRPNPC","TOT","RT","A","1997",1.047116975,
"KAZ","AGRPNPC","TOT","RT","A","1998",1.369808304,
"KAZ","AGRPNPC","TOT","RT","A","1999",1.102347992,
"KAZ","AGRPNPC","TOT","RT","A","2000",1.141049409,
"KAZ","AGRPNPC","TOT","RT","A","2001",1.03446825,
"KAZ","AGRPNPC","TOT","RT","A","2002",1.171361269,
"KAZ","AGRPNPC","TOT","RT","A","2003",0.892745474,
"KAZ","AGRPNPC","TOT","RT","A","2004",0.980310441,
"KAZ","AGRPNPC","TOT","RT","A","2005",1.12589864,
"KAZ","AGRPNPC","TOT","RT","A","2006",1.124832208,
"KAZ","AGRPNPC","TOT","RT","A","2007",1.016265041,
"KAZ","AGRPNPC","TOT","RT","A","2008",0.992933811,
"KAZ","AGRPNPC","TOT","RT","A","2009",1.122604947,
"KAZ","AGRPNPC","TOT","RT","A","2010",1.05729769,
"KAZ","AGRPNPC","TOT","RT","A","2011",1.091929793,
"KAZ","AGRPNPC","TOT","RT","A","2012",1.126973264,
"KAZ","AGRPNPC","TOT","RT","A","2013",1.122039215,
"KAZ","AGRPNPC","TOT","RT","A","2014",1.00205803,
"KAZ","AGRPNPC","TOT","RT","A","2015",1.079931667,
"KAZ","AGRPNPC","TOT","RT","A","2016",0.928774078,
"KAZ","AGRPNPC","TOT","RT","A","2017",0.977916651,
"KAZ","AGRPNPC","TOT","RT","A","2018",0.997903404,
"RUS","AGRPNPC","TOT","RT","A","1995",0.951111743,
"RUS","AGRPNPC","TOT","RT","A","1996",1.076715283,
"RUS","AGRPNPC","TOT","RT","A","1997",1.214620754,
"RUS","AGRPNPC","TOT","RT","A","1998",1.006430118,
"RUS","AGRPNPC","TOT","RT","A","1999",0.896975359,
"RUS","AGRPNPC","TOT","RT","A","2000",0.967541236,
"RUS","AGRPNPC","TOT","RT","A","2001",1.053135304,
"RUS","AGRPNPC","TOT","RT","A","2002",1.048576864,
"RUS","AGRPNPC","TOT","RT","A","2003",1.092225849,
"RUS","AGRPNPC","TOT","RT","A","2004",1.187189714,
"RUS","AGRPNPC","TOT","RT","A","2005",1.116992816,
"RUS","AGRPNPC","TOT","RT","A","2006",1.143469362,
"RUS","AGRPNPC","TOT","RT","A","2007",1.110445187,
"RUS","AGRPNPC","TOT","RT","A","2008",1.193444968,
"RUS","AGRPNPC","TOT","RT","A","2009",1.203157251,
"RUS","AGRPNPC","TOT","RT","A","2010",1.204890861,
"RUS","AGRPNPC","TOT","RT","A","2011",1.06026619,
"RUS","AGRPNPC","TOT","RT","A","2012",1.064136903,
"RUS","AGRPNPC","TOT","RT","A","2013",1.088374308,
"RUS","AGRPNPC","TOT","RT","A","2014",1.069523463,
"RUS","AGRPNPC","TOT","RT","A","2015",1.0761887,
"RUS","AGRPNPC","TOT","RT","A","2016",1.103934811,
"RUS","AGRPNPC","TOT","RT","A","2017",1.089385203,
"RUS","AGRPNPC","TOT","RT","A","2018",1.099578425,
"ZAF","AGRPNPC","TOT","RT","A","1995",1.193591793,
"ZAF","AGRPNPC","TOT","RT","A","1996",1.078535222,
"ZAF","AGRPNPC","TOT","RT","A","1997",1.115968652,
"ZAF","AGRPNPC","TOT","RT","A","1998",1.109410283,
"ZAF","AGRPNPC","TOT","RT","A","1999",1.08130192,
"ZAF","AGRPNPC","TOT","RT","A","2000",1.060731389,
"ZAF","AGRPNPC","TOT","RT","A","2001",1.02953364,
"ZAF","AGRPNPC","TOT","RT","A","2002",1.111047332,
"ZAF","AGRPNPC","TOT","RT","A","2003",1.059973223,
"ZAF","AGRPNPC","TOT","RT","A","2004",1.0722295,
"ZAF","AGRPNPC","TOT","RT","A","2005",1.044760354,
"ZAF","AGRPNPC","TOT","RT","A","2006",1.086494121,
"ZAF","AGRPNPC","TOT","RT","A","2007",1.038616464,
"ZAF","AGRPNPC","TOT","RT","A","2008",1.020640407,
"ZAF","AGRPNPC","TOT","RT","A","2009",1.021732111,
"ZAF","AGRPNPC","TOT","RT","A","2010",1.0058674,
"ZAF","AGRPNPC","TOT","RT","A","2011",1.012352776,
"ZAF","AGRPNPC","TOT","RT","A","2012",1.021046492,
"ZAF","AGRPNPC","TOT","RT","A","2013",1.016086975,
"ZAF","AGRPNPC","TOT","RT","A","2014",1.01675033,
"ZAF","AGRPNPC","TOT","RT","A","2015",1.033599212,
"ZAF","AGRPNPC","TOT","RT","A","2016",1.010342953,
"ZAF","AGRPNPC","TOT","RT","A","2017",1.019087449,
"ZAF","AGRPNPC","TOT","RT","A","2018",1.027846242,
"UKR","AGRPNPC","TOT","RT","A","1995",0.727732415,
"UKR","AGRPNPC","TOT","RT","A","1996",0.787577296,
"UKR","AGRPNPC","TOT","RT","A","1997",1.070511831,
"UKR","AGRPNPC","TOT","RT","A","1998",1.009621078,
"UKR","AGRPNPC","TOT","RT","A","1999",0.90785819,
"UKR","AGRPNPC","TOT","RT","A","2000",0.944336163,
"UKR","AGRPNPC","TOT","RT","A","2001",0.990031711,
"UKR","AGRPNPC","TOT","RT","A","2002",0.914106765,
"UKR","AGRPNPC","TOT","RT","A","2003",0.935197331,
"UKR","AGRPNPC","TOT","RT","A","2004",0.937495071,
"UKR","AGRPNPC","TOT","RT","A","2005",1.05511582,
"UKR","AGRPNPC","TOT","RT","A","2006",1.044090379,
"UKR","AGRPNPC","TOT","RT","A","2007",0.946221545,
"UKR","AGRPNPC","TOT","RT","A","2008",0.936198615,
"UKR","AGRPNPC","TOT","RT","A","2009",1.045449241,
"UKR","AGRPNPC","TOT","RT","A","2010",1.000881784,
"UKR","AGRPNPC","TOT","RT","A","2011",0.908689188,
"UKR","AGRPNPC","TOT","RT","A","2012",0.933081406,
"UKR","AGRPNPC","TOT","RT","A","2013",0.945274888,
"UKR","AGRPNPC","TOT","RT","A","2014",0.919552428,
"UKR","AGRPNPC","TOT","RT","A","2015",0.948416521,
"UKR","AGRPNPC","TOT","RT","A","2016",0.947808247,
"UKR","AGRPNPC","TOT","RT","A","2017",0.961708187,
"UKR","AGRPNPC","TOT","RT","A","2018",0.978171912,
"OECD","AGRPNPC","TOT","RT","A","1986",1.507079734,
"OECD","AGRPNPC","TOT","RT","A","1987",1.528209246,
"OECD","AGRPNPC","TOT","RT","A","1988",1.444868164,
"OECD","AGRPNPC","TOT","RT","A","1989",1.369973057,
"OECD","AGRPNPC","TOT","RT","A","1990",1.375845536,
"OECD","AGRPNPC","TOT","RT","A","1991",1.452871675,
"OECD","AGRPNPC","TOT","RT","A","1992",1.393072514,
"OECD","AGRPNPC","TOT","RT","A","1993",1.393775607,
"OECD","AGRPNPC","TOT","RT","A","1994",1.363951362,
"OECD","AGRPNPC","TOT","RT","A","1995",1.339888852,
"OECD","AGRPNPC","TOT","RT","A","1996",1.298000518,
"OECD","AGRPNPC","TOT","RT","A","1997",1.271735577,
"OECD","AGRPNPC","TOT","RT","A","1998",1.346806162,
"OECD","AGRPNPC","TOT","RT","A","1999",1.407982082,
"OECD","AGRPNPC","TOT","RT","A","2000",1.332256557,
"OECD","AGRPNPC","TOT","RT","A","2001",1.258710085,
"OECD","AGRPNPC","TOT","RT","A","2002",1.279943521,
"OECD","AGRPNPC","TOT","RT","A","2003",1.259264722,
"OECD","AGRPNPC","TOT","RT","A","2004",1.260181945,
"OECD","AGRPNPC","TOT","RT","A","2005",1.227368432,
"OECD","AGRPNPC","TOT","RT","A","2006",1.184069346,
"OECD","AGRPNPC","TOT","RT","A","2007",1.130504691,
"OECD","AGRPNPC","TOT","RT","A","2008",1.117242029,
"OECD","AGRPNPC","TOT","RT","A","2009",1.128971034,
"OECD","AGRPNPC","TOT","RT","A","2010",1.11565729,
"OECD","AGRPNPC","TOT","RT","A","2011",1.097805636,
"OECD","AGRPNPC","TOT","RT","A","2012",1.113830271,
"OECD","AGRPNPC","TOT","RT","A","2013",1.100575435,
"OECD","AGRPNPC","TOT","RT","A","2014",1.093957971,
"OECD","AGRPNPC","TOT","RT","A","2015",1.097462597,
"OECD","AGRPNPC","TOT","RT","A","2016",1.104950772,
"OECD","AGRPNPC","TOT","RT","A","2017",1.098863868,
"OECD","AGRPNPC","TOT","RT","A","2018",1.115502949,
"COL","AGRPNPC","TOT","RT","A","1995",1.278676768,
"COL","AGRPNPC","TOT","RT","A","1996",1.308301468,
"COL","AGRPNPC","TOT","RT","A","1997",1.312333551,
"COL","AGRPNPC","TOT","RT","A","1998",1.311022314,
"COL","AGRPNPC","TOT","RT","A","1999",1.347667659,
"COL","AGRPNPC","TOT","RT","A","2000",1.276002057,
"COL","AGRPNPC","TOT","RT","A","2001",1.282717471,
"COL","AGRPNPC","TOT","RT","A","2002",1.358682229,
"COL","AGRPNPC","TOT","RT","A","2003",1.16212778,
"COL","AGRPNPC","TOT","RT","A","2004",1.172183796,
"COL","AGRPNPC","TOT","RT","A","2005",1.23892414,
"COL","AGRPNPC","TOT","RT","A","2006",1.179170837,
"COL","AGRPNPC","TOT","RT","A","2007",1.205650667,
"COL","AGRPNPC","TOT","RT","A","2008",1.203649634,
"COL","AGRPNPC","TOT","RT","A","2009",1.270642494,
"COL","AGRPNPC","TOT","RT","A","2010",1.235550925,
"COL","AGRPNPC","TOT","RT","A","2011",1.22125754,
"COL","AGRPNPC","TOT","RT","A","2012",1.263856667,
"COL","AGRPNPC","TOT","RT","A","2013",1.243736527,
"COL","AGRPNPC","TOT","RT","A","2014",1.131228014,
"COL","AGRPNPC","TOT","RT","A","2015",1.118276674,
"COL","AGRPNPC","TOT","RT","A","2016",1.124787924,
"COL","AGRPNPC","TOT","RT","A","2017",1.070055324,
"COL","AGRPNPC","TOT","RT","A","2018",1.08513029,
"EU28","AGRPNPC","TOT","RT","A","1986",1.68946467,
"EU28","AGRPNPC","TOT","RT","A","1987",1.787068532,
"EU28","AGRPNPC","TOT","RT","A","1988",1.616175404,
"EU28","AGRPNPC","TOT","RT","A","1989",1.407802824,
"EU28","AGRPNPC","TOT","RT","A","1990",1.475911835,
"EU28","AGRPNPC","TOT","RT","A","1991",1.635495301,
"EU28","AGRPNPC","TOT","RT","A","1992",1.467552059,
"EU28","AGRPNPC","TOT","RT","A","1993",1.464971635,
"EU28","AGRPNPC","TOT","RT","A","1994",1.395666625,
"EU28","AGRPNPC","TOT","RT","A","1995",1.36405322,
"EU28","AGRPNPC","TOT","RT","A","1996",1.327049293,
"EU28","AGRPNPC","TOT","RT","A","1997",1.294562298,
"EU28","AGRPNPC","TOT","RT","A","1998",1.379937048,
"EU28","AGRPNPC","TOT","RT","A","1999",1.456654669,
"EU28","AGRPNPC","TOT","RT","A","2000",1.29297724,
"EU28","AGRPNPC","TOT","RT","A","2001",1.227125294,
"EU28","AGRPNPC","TOT","RT","A","2002",1.288364891,
"EU28","AGRPNPC","TOT","RT","A","2003",1.28858467,
"EU28","AGRPNPC","TOT","RT","A","2004",1.2792833,
"EU28","AGRPNPC","TOT","RT","A","2005",1.228411678,
"EU28","AGRPNPC","TOT","RT","A","2006",1.165271417,
"EU28","AGRPNPC","TOT","RT","A","2007",1.102462559,
"EU28","AGRPNPC","TOT","RT","A","2008",1.091433466,
"EU28","AGRPNPC","TOT","RT","A","2009",1.082347991,
"EU28","AGRPNPC","TOT","RT","A","2010",1.040738939,
"EU28","AGRPNPC","TOT","RT","A","2011",1.032025387,
"EU28","AGRPNPC","TOT","RT","A","2012",1.052511741,
"EU28","AGRPNPC","TOT","RT","A","2013",1.065593472,
"EU28","AGRPNPC","TOT","RT","A","2014",1.042355088,
"EU28","AGRPNPC","TOT","RT","A","2015",1.051033626,
"EU28","AGRPNPC","TOT","RT","A","2016",1.048549418,
"EU28","AGRPNPC","TOT","RT","A","2017",1.043656856,
"EU28","AGRPNPC","TOT","RT","A","2018",1.054779996,
"VNM","AGRPNPC","TOT","RT","A","2000",1.074829096,
"VNM","AGRPNPC","TOT","RT","A","2001",1.14582621,
"VNM","AGRPNPC","TOT","RT","A","2002",0.963268083,
"VNM","AGRPNPC","TOT","RT","A","2003",1.117308627,
"VNM","AGRPNPC","TOT","RT","A","2004",1.08949931,
"VNM","AGRPNPC","TOT","RT","A","2005",1.084889509,
"VNM","AGRPNPC","TOT","RT","A","2006",1.046557723,
"VNM","AGRPNPC","TOT","RT","A","2007",0.970687391,
"VNM","AGRPNPC","TOT","RT","A","2008",0.793979891,
"VNM","AGRPNPC","TOT","RT","A","2009",1.128342918,
"VNM","AGRPNPC","TOT","RT","A","2010",1.093715151,
"VNM","AGRPNPC","TOT","RT","A","2011",1.042963126,
"VNM","AGRPNPC","TOT","RT","A","2012",1.070626546,
"VNM","AGRPNPC","TOT","RT","A","2013",1.011695838,
"VNM","AGRPNPC","TOT","RT","A","2014",0.983601586,
"VNM","AGRPNPC","TOT","RT","A","2015",0.981246241,
"VNM","AGRPNPC","TOT","RT","A","2016",0.96860669,
"VNM","AGRPNPC","TOT","RT","A","2017",0.996957087,
"VNM","AGRPNPC","TOT","RT","A","2018",0.899147764,
"CRI","AGRPNPC","TOT","RT","A","1995",1.047148357,
"CRI","AGRPNPC","TOT","RT","A","1996",1.028513178,
"CRI","AGRPNPC","TOT","RT","A","1997",1.037093288,
"CRI","AGRPNPC","TOT","RT","A","1998",1.03978988,
"CRI","AGRPNPC","TOT","RT","A","1999",1.065822781,
"CRI","AGRPNPC","TOT","RT","A","2000",1.091751028,
"CRI","AGRPNPC","TOT","RT","A","2001",1.090105214,
"CRI","AGRPNPC","TOT","RT","A","2002",1.10525938,
"CRI","AGRPNPC","TOT","RT","A","2003",1.073816748,
"CRI","AGRPNPC","TOT","RT","A","2004",1.057084665,
"CRI","AGRPNPC","TOT","RT","A","2005",1.063033929,
"CRI","AGRPNPC","TOT","RT","A","2006",1.093114022,
"CRI","AGRPNPC","TOT","RT","A","2007",1.058765058,
"CRI","AGRPNPC","TOT","RT","A","2008",1.079239461,
"CRI","AGRPNPC","TOT","RT","A","2009",1.089809971,
"CRI","AGRPNPC","TOT","RT","A","2010",1.145443237,
"CRI","AGRPNPC","TOT","RT","A","2011",1.15298761,
"CRI","AGRPNPC","TOT","RT","A","2012",1.091755948,
"CRI","AGRPNPC","TOT","RT","A","2013",1.08989186,
"CRI","AGRPNPC","TOT","RT","A","2014",1.074727179,
"CRI","AGRPNPC","TOT","RT","A","2015",1.105858256,
"CRI","AGRPNPC","TOT","RT","A","2016",1.079897613,
"CRI","AGRPNPC","TOT","RT","A","2017",1.049864074,
"CRI","AGRPNPC","TOT","RT","A","2018",1.047227362,
"PHL","AGRPNPC","TOT","RT","A","2000",1.343912511,
"PHL","AGRPNPC","TOT","RT","A","2001",1.323872503,
"PHL","AGRPNPC","TOT","RT","A","2002",1.270977637,
"PHL","AGRPNPC","TOT","RT","A","2003",1.156148472,
"PHL","AGRPNPC","TOT","RT","A","2004",1.153864049,
"PHL","AGRPNPC","TOT","RT","A","2005",1.170631678,
"PHL","AGRPNPC","TOT","RT","A","2006",1.300050168,
"PHL","AGRPNPC","TOT","RT","A","2007",1.256977247,
"PHL","AGRPNPC","TOT","RT","A","2008",1.231104336,
"PHL","AGRPNPC","TOT","RT","A","2009",1.283798189,
"PHL","AGRPNPC","TOT","RT","A","2010",1.281044833,
"PHL","AGRPNPC","TOT","RT","A","2011",1.227259492,
"PHL","AGRPNPC","TOT","RT","A","2012",1.302217318,
"PHL","AGRPNPC","TOT","RT","A","2013",1.388905956,
"PHL","AGRPNPC","TOT","RT","A","2014",1.405899513,
"PHL","AGRPNPC","TOT","RT","A","2015",1.342168419,
"PHL","AGRPNPC","TOT","RT","A","2016",1.378634339,
"PHL","AGRPNPC","TOT","RT","A","2017",1.328974602,
"PHL","AGRPNPC","TOT","RT","A","2018",1.370248264,
"ARG","AGRPNPC","TOT","RT","A","1997",0.981373591,
"ARG","AGRPNPC","TOT","RT","A","1998",0.989700886,
"ARG","AGRPNPC","TOT","RT","A","1999",1.040236591,
"ARG","AGRPNPC","TOT","RT","A","2000",1.001072098,
"ARG","AGRPNPC","TOT","RT","A","2001",0.998122525,
"ARG","AGRPNPC","TOT","RT","A","2002",0.812374081,
"ARG","AGRPNPC","TOT","RT","A","2003",0.798412034,
"ARG","AGRPNPC","TOT","RT","A","2004",0.757829497,
"ARG","AGRPNPC","TOT","RT","A","2005",0.800947076,
"ARG","AGRPNPC","TOT","RT","A","2006",0.773429944,
"ARG","AGRPNPC","TOT","RT","A","2007",0.773724464,
"ARG","AGRPNPC","TOT","RT","A","2008",0.640264213,
"ARG","AGRPNPC","TOT","RT","A","2009",0.699277538,
"ARG","AGRPNPC","TOT","RT","A","2010",0.774337749,
"ARG","AGRPNPC","TOT","RT","A","2011",0.691991678,
"ARG","AGRPNPC","TOT","RT","A","2012",0.729124762,
"ARG","AGRPNPC","TOT","RT","A","2013",0.711117602,
"ARG","AGRPNPC","TOT","RT","A","2014",0.68296749,
"ARG","AGRPNPC","TOT","RT","A","2015",0.764377549,
"ARG","AGRPNPC","TOT","RT","A","2016",0.895163049,
"ARG","AGRPNPC","TOT","RT","A","2017",0.902549247,
"ARG","AGRPNPC","TOT","RT","A","2018",0.814882666,
"IND","AGRPNPC","TOT","RT","A","2000",0.919783522,
"IND","AGRPNPC","TOT","RT","A","2001",0.882201458,
"IND","AGRPNPC","TOT","RT","A","2002",0.890320069,
"IND","AGRPNPC","TOT","RT","A","2003",0.885257542,
"IND","AGRPNPC","TOT","RT","A","2004",0.814959472,
"IND","AGRPNPC","TOT","RT","A","2005",0.822459575,
"IND","AGRPNPC","TOT","RT","A","2006",0.813054767,
"IND","AGRPNPC","TOT","RT","A","2007",0.743038721,
"IND","AGRPNPC","TOT","RT","A","2008",0.724619453,
"IND","AGRPNPC","TOT","RT","A","2009",0.816325463,
"IND","AGRPNPC","TOT","RT","A","2010",0.783012922,
"IND","AGRPNPC","TOT","RT","A","2011",0.728557898,
"IND","AGRPNPC","TOT","RT","A","2012",0.756513339,
"IND","AGRPNPC","TOT","RT","A","2013",0.724555062,
"IND","AGRPNPC","TOT","RT","A","2014",0.828528624,
"IND","AGRPNPC","TOT","RT","A","2015",0.919842562,
"IND","AGRPNPC","TOT","RT","A","2016",0.893445723,
"IND","AGRPNPC","TOT","RT","A","2017",0.874689409,
"IND","AGRPNPC","TOT","RT","A","2018",0.862895175,
