"IND","Indicator","COU","Country","YEA","Year","Value","Flag Codes","Flags"
"SUM","Summary","AUS","Australia","1998","1998",1.4365079,,
"SUM","Summary","AUS","Australia","2003","2003",1.3476191,,
"SUM","Summary","AUS","Australia","2008","2008",1.3476191,,
"SUM","Summary","AUS","Australia","2013","2013",0.70476192,,
"SUM","Summary","AUT","Austria","1998","1998",4.0666666,,
"SUM","Summary","AUT","Austria","2003","2003",3.5,,
"SUM","Summary","AUT","Austria","2008","2008",3.3,,
"SUM","Summary","AUT","Austria","2013","2013",2.4000001,,
"SUM","Summary","BEL","Belgium","1998","1998",4.6523809,,
"SUM","Summary","BEL","Belgium","2003","2003",4.6761904,,
"SUM","Summary","BEL","Belgium","2008","2008",4.5571427,,
"SUM","Summary","BEL","Belgium","2013","2013",4.0571427,,
"SUM","Summary","CAN","Canada","1998","1998",2.3476191,,
"SUM","Summary","CAN","Canada","2003","2003",2.4976189,,
"SUM","Summary","CAN","Canada","2008","2008",2.4976189,,
"SUM","Summary","CAN","Canada","2013","2013",2.4976189,,
"SUM","Summary","CZE","Czech Republic","1998","1998",0.9285714,,
"SUM","Summary","CZE","Czech Republic","2003","2003",1.0285714,,
"SUM","Summary","CZE","Czech Republic","2008","2008",1.2285714,,
"SUM","Summary","CZE","Czech Republic","2013","2013",1.5619048,,
"SUM","Summary","DNK","Denmark","1998","1998",3,,
"SUM","Summary","DNK","Denmark","2003","2003",3,,
"SUM","Summary","DNK","Denmark","2008","2008",1.8333334,,
"SUM","Summary","DNK","Denmark","2013","2013",1.6857142,,
"SUM","Summary","FIN","Finland","1998","1998",2.8619046,,
"SUM","Summary","FIN","Finland","2003","2003",2.8619046,,
"SUM","Summary","FIN","Finland","2008","2008",2.8857143,,
"SUM","Summary","FIN","Finland","2013","2013",2.8619046,,
"SUM","Summary","FRA","France","1998","1998",4.5,,
"SUM","Summary","FRA","France","2003","2003",3.7571428,,
"SUM","Summary","FRA","France","2008","2008",3.8047619,,
"SUM","Summary","FRA","France","2013","2013",2.6380951,,
"SUM","Summary","DEU","Germany","1998","1998",3.4023809,,
"SUM","Summary","DEU","Germany","2003","2003",3.3761904,,
"SUM","Summary","DEU","Germany","2008","2008",2.8761904,,
"SUM","Summary","DEU","Germany","2013","2013",2.7095239,,
"SUM","Summary","GRC","Greece","1998","1998",4.6190476,,
"SUM","Summary","GRC","Greece","2003","2003",4.4976192,,
"SUM","Summary","GRC","Greece","2008","2008",3.8547618,,
"SUM","Summary","GRC","Greece","2013","2013",2.545238,,
"SUM","Summary","HUN","Hungary","1998","1998",0.82380956,,
"SUM","Summary","HUN","Hungary","2003","2003",0.7904762,,
"SUM","Summary","HUN","Hungary","2008","2008",1.4428571,,
"SUM","Summary","HUN","Hungary","2013","2013",2.0595238,,
"SUM","Summary","ISL","Iceland","1998","1998",2.5238094,,
"SUM","Summary","ISL","Iceland","2003","2003",1.3928572,,
"SUM","Summary","ISL","Iceland","2008","2008",1.4166666,,
"SUM","Summary","ISL","Iceland","2013","2013",1.4166666,,
"SUM","Summary","IRL","Ireland","1998","1998",1.1666666,,
"SUM","Summary","IRL","Ireland","2003","2003",0.86666667,,
"SUM","Summary","IRL","Ireland","2008","2008",1.5333333,,
"SUM","Summary","IRL","Ireland","2013","2013",1.5333333,,
"SUM","Summary","ITA","Italy","1998","1998",4.3499999,,
"SUM","Summary","ITA","Italy","2003","2003",3.8499999,,
"SUM","Summary","ITA","Italy","2008","2008",4.0642858,,
"SUM","Summary","ITA","Italy","2013","2013",3.1523809,,
"SUM","Summary","JPN","Japan","1998","1998",3.5333333,,
"SUM","Summary","JPN","Japan","2003","2003",2.3125,,
"SUM","Summary","JPN","Japan","2008","2008",2.3125,,
"SUM","Summary","JPN","Japan","2013","2013",2.3791666,,
"SUM","Summary","KOR","Korea","1998","1998",0.42857143,,
"SUM","Summary","KOR","Korea","2003","2003",0.66666669,,
"SUM","Summary","KOR","Korea","2008","2008",0.60000002,,
"SUM","Summary","KOR","Korea","2013","2013",0.69999999,,
"SUM","Summary","LUX","Luxembourg","2003","2003",4.1666665,,
"SUM","Summary","LUX","Luxembourg","2008","2008",4.4666667,,
"SUM","Summary","LUX","Luxembourg","2013","2013",4.5416665,,
"SUM","Summary","MEX","Mexico","1998","1998",1.8000001,,
"SUM","Summary","MEX","Mexico","2003","2003",2.1095238,,
"SUM","Summary","MEX","Mexico","2008","2008",2.1333334,,
"SUM","Summary","MEX","Mexico","2013","2013",2.1095238,,
"SUM","Summary","NLD","Netherlands","1998","1998",1.6714286,,
"SUM","Summary","NLD","Netherlands","2003","2003",1.4714286,,
"SUM","Summary","NLD","Netherlands","2008","2008",0.91428572,,
"SUM","Summary","NLD","Netherlands","2013","2013",0.91428572,,
"SUM","Summary","NZL","New Zealand","2003","2003",0.71999997,,
"SUM","Summary","NZL","New Zealand","2008","2008",0.69999999,,
"SUM","Summary","NZL","New Zealand","2013","2013",0.69999999,,
"SUM","Summary","NOR","Norway","1998","1998",2.6547618,,
"SUM","Summary","NOR","Norway","2003","2003",2.0119047,,
"SUM","Summary","NOR","Norway","2008","2008",2.0119047,,
"SUM","Summary","NOR","Norway","2013","2013",2.0119047,,
"SUM","Summary","POL","Poland","1998","1998",3.1190476,,
"SUM","Summary","POL","Poland","2003","2003",2.5190475,,
"SUM","Summary","POL","Poland","2008","2008",2.4325397,,
"SUM","Summary","POL","Poland","2013","2013",2.55,,
"SUM","Summary","PRT","Portugal","1998","1998",3.4571428,,
"SUM","Summary","PRT","Portugal","2003","2003",3.2857144,,
"SUM","Summary","PRT","Portugal","2008","2008",3.9657142,,
"SUM","Summary","PRT","Portugal","2013","2013",1.8285714,,
"SUM","Summary","SVK","Slovak Republic","2003","2003",1.1404761,,
"SUM","Summary","SVK","Slovak Republic","2008","2008",1.0404762,,
"SUM","Summary","SVK","Slovak Republic","2013","2013",1.75,,
"SUM","Summary","ESP","Spain","1998","1998",4.1999998,,
"SUM","Summary","ESP","Spain","2003","2003",3.6666667,,
"SUM","Summary","ESP","Spain","2008","2008",3.48,,
"SUM","Summary","ESP","Spain","2013","2013",2.8809524,,
"SUM","Summary","SWE","Sweden","1998","1998",1.1,,
"SUM","Summary","SWE","Sweden","2003","2003",0.72000003,,
"SUM","Summary","SWE","Sweden","2008","2008",0.60000002,,
"SUM","Summary","SWE","Sweden","2013","2013",0.60000002,,
"SUM","Summary","CHE","Switzerland","1998","1998",1.5515873,,
"SUM","Summary","CHE","Switzerland","2003","2003",1.3261905,,
"SUM","Summary","CHE","Switzerland","2008","2008",1.3261905,,
"SUM","Summary","CHE","Switzerland","2013","2013",1.1595238,,
"SUM","Summary","TUR","Turkey","2008","2008",2.3785715,,
"SUM","Summary","TUR","Turkey","2013","2013",2.3785715,,
"SUM","Summary","GBR","United Kingdom","1998","1998",3.3800001,,
"SUM","Summary","GBR","United Kingdom","2003","2003",2.1514287,,
"SUM","Summary","GBR","United Kingdom","2008","2008",2.1800001,,
"SUM","Summary","GBR","United Kingdom","2013","2013",1.7928572,,
"SUM","Summary","USA","United States","2003","2003",2,,
"SUM","Summary","USA","United States","2008","2008",1.76,,
"SUM","Summary","USA","United States","2013","2013",1.9028572,,
"SUM","Summary","BRA","Brazil","2008","2008",1.9928572,,
"SUM","Summary","BRA","Brazil","2013","2013",1.9928572,,
"SUM","Summary","CHL","Chile","2008","2008",1,,
"SUM","Summary","CHL","Chile","2013","2013",1,,
"SUM","Summary","CHN","China (People's Republic of)","2008","2008",3.4000001,,
"SUM","Summary","CHN","China (People's Republic of)","2013","2013",2.5238094,,
"SUM","Summary","EST","Estonia","2008","2008",1.4,,
"SUM","Summary","EST","Estonia","2013","2013",1.5,,
"SUM","Summary","ISR","Israel","2008","2008",3.2285714,,
"SUM","Summary","ISR","Israel","2013","2013",3.5095239,,
"SUM","Summary","RUS","Russia","2008","2008",3.0333333,,
"SUM","Summary","RUS","Russia","2013","2013",2.7333333,,
"SUM","Summary","SVN","Slovenia","2008","2008",0.90000004,,
"SUM","Summary","SVN","Slovenia","2013","2013",0.62857145,,
"LPC","Registration and licensing requirements","AUS","Australia","1998","1998",1.3333334,,
"LPC","Registration and licensing requirements","AUS","Australia","2003","2003",1.8,,
"LPC","Registration and licensing requirements","AUS","Australia","2008","2008",1.8,,
"LPC","Registration and licensing requirements","AUS","Australia","2013","2013",2.6666667,,
"LPC","Registration and licensing requirements","AUT","Austria","1998","1998",6,,
"LPC","Registration and licensing requirements","AUT","Austria","2003","2003",6,,
"LPC","Registration and licensing requirements","AUT","Austria","2008","2008",4.8000002,,
"LPC","Registration and licensing requirements","AUT","Austria","2013","2013",5.4000001,,
"LPC","Registration and licensing requirements","BEL","Belgium","1998","1998",4.1999998,,
"LPC","Registration and licensing requirements","BEL","Belgium","2003","2003",4.1999998,,
"LPC","Registration and licensing requirements","BEL","Belgium","2008","2008",4.1999998,,
"LPC","Registration and licensing requirements","BEL","Belgium","2013","2013",4.1999998,,
"LPC","Registration and licensing requirements","CAN","Canada","1998","1998",4.8000002,,
"LPC","Registration and licensing requirements","CAN","Canada","2003","2003",5.6999998,,
"LPC","Registration and licensing requirements","CAN","Canada","2008","2008",5.6999998,,
"LPC","Registration and licensing requirements","CAN","Canada","2013","2013",5.6999998,,
"LPC","Registration and licensing requirements","CZE","Czech Republic","1998","1998",3,,
"LPC","Registration and licensing requirements","CZE","Czech Republic","2003","2003",3.5999999,,
"LPC","Registration and licensing requirements","CZE","Czech Republic","2008","2008",4.8000002,,
"LPC","Registration and licensing requirements","CZE","Czech Republic","2013","2013",4.8000002,,
"LPC","Registration and licensing requirements","DNK","Denmark","1998","1998",6,,
"LPC","Registration and licensing requirements","DNK","Denmark","2003","2003",6,,
"LPC","Registration and licensing requirements","DNK","Denmark","2008","2008",3,,
"LPC","Registration and licensing requirements","DNK","Denmark","2013","2013",2.4000001,,
"LPC","Registration and licensing requirements","FIN","Finland","1998","1998",3.5999999,,
"LPC","Registration and licensing requirements","FIN","Finland","2003","2003",3.5999999,,
"LPC","Registration and licensing requirements","FIN","Finland","2008","2008",3.5999999,,
"LPC","Registration and licensing requirements","FIN","Finland","2013","2013",3.5999999,,
"LPC","Registration and licensing requirements","FRA","France","1998","1998",6,,
"LPC","Registration and licensing requirements","FRA","France","2003","2003",2.4000001,,
"LPC","Registration and licensing requirements","FRA","France","2008","2008",2.4000001,,
"LPC","Registration and licensing requirements","FRA","France","2013","2013",2.4000001,,
"LPC","Registration and licensing requirements","DEU","Germany","1998","1998",2.7,,
"LPC","Registration and licensing requirements","DEU","Germany","2003","2003",2.4000001,,
"LPC","Registration and licensing requirements","DEU","Germany","2008","2008",2.4000001,,
"LPC","Registration and licensing requirements","DEU","Germany","2013","2013",2.4000001,,
"LPC","Registration and licensing requirements","GRC","Greece","1998","1998",6,,
"LPC","Registration and licensing requirements","GRC","Greece","2003","2003",5.6999998,,
"LPC","Registration and licensing requirements","GRC","Greece","2008","2008",5.6999998,,
"LPC","Registration and licensing requirements","GRC","Greece","2013","2013",5.6999998,,
"LPC","Registration and licensing requirements","HUN","Hungary","1998","1998",2.4000001,,
"LPC","Registration and licensing requirements","HUN","Hungary","2003","2003",3.5999999,,
"LPC","Registration and licensing requirements","HUN","Hungary","2008","2008",4.8000002,,
"LPC","Registration and licensing requirements","HUN","Hungary","2013","2013",4.5,,
"LPC","Registration and licensing requirements","ISL","Iceland","1998","1998",5.1428571,,
"LPC","Registration and licensing requirements","ISL","Iceland","2003","2003",4.5,,
"LPC","Registration and licensing requirements","ISL","Iceland","2008","2008",4.5,,
"LPC","Registration and licensing requirements","ISL","Iceland","2013","2013",4.5,,
"LPC","Registration and licensing requirements","IRL","Ireland","1998","1998",0,,
"LPC","Registration and licensing requirements","IRL","Ireland","2003","2003",1.2,,
"LPC","Registration and licensing requirements","IRL","Ireland","2008","2008",1.2,,
"LPC","Registration and licensing requirements","IRL","Ireland","2013","2013",1.2,,
"LPC","Registration and licensing requirements","ITA","Italy","1998","1998",5.0999999,,
"LPC","Registration and licensing requirements","ITA","Italy","2003","2003",5.0999999,,
"LPC","Registration and licensing requirements","ITA","Italy","2008","2008",5.0999999,,
"LPC","Registration and licensing requirements","ITA","Italy","2013","2013",4.1999998,,
"LPC","Registration and licensing requirements","JPN","Japan","1998","1998",3.5999999,,
"LPC","Registration and licensing requirements","JPN","Japan","2003","2003",1.875,,
"LPC","Registration and licensing requirements","JPN","Japan","2008","2008",1.875,,
"LPC","Registration and licensing requirements","JPN","Japan","2013","2013",1.875,,
"LPC","Registration and licensing requirements","KOR","Korea","1998","1998",0.85714287,,
"LPC","Registration and licensing requirements","KOR","Korea","2003","2003",1,,
"LPC","Registration and licensing requirements","KOR","Korea","2008","2008",0.60000002,,
"LPC","Registration and licensing requirements","KOR","Korea","2013","2013",0.60000002,,
"LPC","Registration and licensing requirements","LUX","Luxembourg","2003","2003",3,,
"LPC","Registration and licensing requirements","LUX","Luxembourg","2008","2008",4.8000002,,
"LPC","Registration and licensing requirements","LUX","Luxembourg","2013","2013",5.25,,
"LPC","Registration and licensing requirements","MEX","Mexico","1998","1998",4.8000002,,
"LPC","Registration and licensing requirements","MEX","Mexico","2003","2003",4.8000002,,
"LPC","Registration and licensing requirements","MEX","Mexico","2008","2008",4.8000002,,
"LPC","Registration and licensing requirements","MEX","Mexico","2013","2013",4.8000002,,
"LPC","Registration and licensing requirements","NLD","Netherlands","1998","1998",3.5999999,,
"LPC","Registration and licensing requirements","NLD","Netherlands","2003","2003",2.4000001,,
"LPC","Registration and licensing requirements","NLD","Netherlands","2008","2008",1.2,,
"LPC","Registration and licensing requirements","NLD","Netherlands","2013","2013",1.2,,
"LPC","Registration and licensing requirements","NZL","New Zealand","2003","2003",3.5999999,,
"LPC","Registration and licensing requirements","NZL","New Zealand","2008","2008",4.1999998,,
"LPC","Registration and licensing requirements","NZL","New Zealand","2013","2013",4.1999998,,
"LPC","Registration and licensing requirements","NOR","Norway","1998","1998",4.5,,
"LPC","Registration and licensing requirements","NOR","Norway","2003","2003",4.5,,
"LPC","Registration and licensing requirements","NOR","Norway","2008","2008",4.5,,
"LPC","Registration and licensing requirements","NOR","Norway","2013","2013",4.5,,
"LPC","Registration and licensing requirements","POL","Poland","1998","1998",5.6666665,,
"LPC","Registration and licensing requirements","POL","Poland","2003","2003",5.6666665,,
"LPC","Registration and licensing requirements","POL","Poland","2008","2008",5.6666665,,
"LPC","Registration and licensing requirements","POL","Poland","2013","2013",3.3,,
"LPC","Registration and licensing requirements","PRT","Portugal","1998","1998",3,,
"LPC","Registration and licensing requirements","PRT","Portugal","2003","2003",3,,
"LPC","Registration and licensing requirements","PRT","Portugal","2008","2008",2.4000001,,
"LPC","Registration and licensing requirements","PRT","Portugal","2013","2013",2.4000001,,
"LPC","Registration and licensing requirements","SVK","Slovak Republic","2003","2003",4.1999998,,
"LPC","Registration and licensing requirements","SVK","Slovak Republic","2008","2008",3.5999999,,
"LPC","Registration and licensing requirements","SVK","Slovak Republic","2013","2013",3,,
"LPC","Registration and licensing requirements","ESP","Spain","1998","1998",6,,
"LPC","Registration and licensing requirements","ESP","Spain","2003","2003",5.3333335,,
"LPC","Registration and licensing requirements","ESP","Spain","2008","2008",5.4000001,,
"LPC","Registration and licensing requirements","ESP","Spain","2013","2013",3,,
"LPC","Registration and licensing requirements","SWE","Sweden","1998","1998",0.60000002,,
"LPC","Registration and licensing requirements","SWE","Sweden","2003","2003",0.60000002,,
"LPC","Registration and licensing requirements","SWE","Sweden","2008","2008",0.60000002,,
"LPC","Registration and licensing requirements","SWE","Sweden","2013","2013",0.60000002,,
"LPC","Registration and licensing requirements","CHE","Switzerland","1998","1998",0.66666669,,
"LPC","Registration and licensing requirements","CHE","Switzerland","2003","2003",0.60000002,,
"LPC","Registration and licensing requirements","CHE","Switzerland","2008","2008",0.60000002,,
"LPC","Registration and licensing requirements","CHE","Switzerland","2013","2013",0.60000002,,
"LPC","Registration and licensing requirements","TUR","Turkey","1998","1998",5.6999998,,
"LPC","Registration and licensing requirements","TUR","Turkey","2003","2003",4.8000002,,
"LPC","Registration and licensing requirements","TUR","Turkey","2008","2008",4.8000002,,
"LPC","Registration and licensing requirements","TUR","Turkey","2013","2013",4.8000002,,
"LPC","Registration and licensing requirements","GBR","United Kingdom","1998","1998",3.9000001,,
"LPC","Registration and licensing requirements","GBR","United Kingdom","2003","2003",3.9000001,,
"LPC","Registration and licensing requirements","GBR","United Kingdom","2008","2008",3.9000001,,
"LPC","Registration and licensing requirements","GBR","United Kingdom","2013","2013",3.9000001,,
"LPC","Registration and licensing requirements","USA","United States","2003","2003",6,,
"LPC","Registration and licensing requirements","USA","United States","2008","2008",4.8000002,,
"LPC","Registration and licensing requirements","USA","United States","2013","2013",4.8000002,,
"LPC","Registration and licensing requirements","BRA","Brazil","2008","2008",5.4000001,,
"LPC","Registration and licensing requirements","BRA","Brazil","2013","2013",5.4000001,,
"LPC","Registration and licensing requirements","CHL","Chile","2008","2008",6,,
"LPC","Registration and licensing requirements","CHL","Chile","2013","2013",6,,
"LPC","Registration and licensing requirements","CHN","China (People's Republic of)","2008","2008",6,,
"LPC","Registration and licensing requirements","CHN","China (People's Republic of)","2013","2013",6,,
"LPC","Registration and licensing requirements","EST","Estonia","2008","2008",6,,
"LPC","Registration and licensing requirements","EST","Estonia","2013","2013",6,,
"LPC","Registration and licensing requirements","IND","India","2008","2008",1.5,,
"LPC","Registration and licensing requirements","IND","India","2013","2013",2.4000001,,
"LPC","Registration and licensing requirements","IDN","Indonesia","2013","2013",4.8000002,,
"LPC","Registration and licensing requirements","ISR","Israel","2008","2008",4.1999998,,
"LPC","Registration and licensing requirements","ISR","Israel","2013","2013",4.1999998,,
"LPC","Registration and licensing requirements","RUS","Russia","2008","2008",5.4000001,,
"LPC","Registration and licensing requirements","RUS","Russia","2013","2013",5.4000001,,
"LPC","Registration and licensing requirements","SVN","Slovenia","2008","2008",2.4000001,,
"LPC","Registration and licensing requirements","SVN","Slovenia","2013","2013",1.2,,
"LPC","Registration and licensing requirements","ZAF","South Africa","2008","2008",3.5999999,,
"LPC","Registration and licensing requirements","ZAF","South Africa","2013","2013",3.5999999,,
"SRO","Specific regulation of large outlet","AUS","Australia","1998","1998",0,,
"SRO","Specific regulation of large outlet","AUS","Australia","2003","2003",0,,
"SRO","Specific regulation of large outlet","AUS","Australia","2008","2008",0,,
"SRO","Specific regulation of large outlet","AUT","Austria","1998","1998",5,,
"SRO","Specific regulation of large outlet","AUT","Austria","2003","2003",5,,
"SRO","Specific regulation of large outlet","AUT","Austria","2008","2008",5,,
"SRO","Specific regulation of large outlet","AUT","Austria","2013","2013",0,,
"SRO","Specific regulation of large outlet","BEL","Belgium","1998","1998",4,,
"SRO","Specific regulation of large outlet","BEL","Belgium","2003","2003",5,,
"SRO","Specific regulation of large outlet","BEL","Belgium","2008","2008",6,,
"SRO","Specific regulation of large outlet","BEL","Belgium","2013","2013",6,,
"SRO","Specific regulation of large outlet","CAN","Canada","1998","1998",0,,
"SRO","Specific regulation of large outlet","CAN","Canada","2003","2003",0,,
"SRO","Specific regulation of large outlet","CAN","Canada","2008","2008",0,,
"SRO","Specific regulation of large outlet","CAN","Canada","2013","2013",0,,
"SRO","Specific regulation of large outlet","CZE","Czech Republic","1998","1998",0,,
"SRO","Specific regulation of large outlet","CZE","Czech Republic","2003","2003",0,,
"SRO","Specific regulation of large outlet","CZE","Czech Republic","2008","2008",0,,
"SRO","Specific regulation of large outlet","CZE","Czech Republic","2013","2013",0,,
"SRO","Specific regulation of large outlet","DNK","Denmark","1998","1998",4,,
"SRO","Specific regulation of large outlet","DNK","Denmark","2003","2003",4,,
"SRO","Specific regulation of large outlet","DNK","Denmark","2008","2008",3,,
"SRO","Specific regulation of large outlet","DNK","Denmark","2013","2013",3,,
"SRO","Specific regulation of large outlet","FIN","Finland","1998","1998",3,,
"SRO","Specific regulation of large outlet","FIN","Finland","2003","2003",3,,
"SRO","Specific regulation of large outlet","FIN","Finland","2008","2008",3,,
"SRO","Specific regulation of large outlet","FIN","Finland","2013","2013",3,,
"SRO","Specific regulation of large outlet","FRA","France","1998","1998",6,,
"SRO","Specific regulation of large outlet","FRA","France","2003","2003",6,,
"SRO","Specific regulation of large outlet","FRA","France","2008","2008",6,,
"SRO","Specific regulation of large outlet","FRA","France","2013","2013",4,,
"SRO","Specific regulation of large outlet","DEU","Germany","1998","1998",4,,
"SRO","Specific regulation of large outlet","DEU","Germany","2003","2003",5,,
"SRO","Specific regulation of large outlet","DEU","Germany","2008","2008",5,,
"SRO","Specific regulation of large outlet","DEU","Germany","2013","2013",5,,
"SRO","Specific regulation of large outlet","GRC","Greece","1998","1998",4,,
"SRO","Specific regulation of large outlet","GRC","Greece","2003","2003",4,,
"SRO","Specific regulation of large outlet","GRC","Greece","2008","2008",4,,
"SRO","Specific regulation of large outlet","GRC","Greece","2013","2013",4,,
"SRO","Specific regulation of large outlet","HUN","Hungary","1998","1998",0,,
"SRO","Specific regulation of large outlet","HUN","Hungary","2003","2003",0,,
"SRO","Specific regulation of large outlet","HUN","Hungary","2008","2008",2,,
"SRO","Specific regulation of large outlet","HUN","Hungary","2013","2013",6,,
"SRO","Specific regulation of large outlet","ISL","Iceland","1998","1998",0,,
"SRO","Specific regulation of large outlet","ISL","Iceland","2003","2003",0,,
"SRO","Specific regulation of large outlet","ISL","Iceland","2008","2008",0,,
"SRO","Specific regulation of large outlet","ISL","Iceland","2013","2013",0,,
"SRO","Specific regulation of large outlet","IRL","Ireland","1998","1998",2,,
"SRO","Specific regulation of large outlet","IRL","Ireland","2003","2003",2,,
"SRO","Specific regulation of large outlet","IRL","Ireland","2008","2008",2,,
"SRO","Specific regulation of large outlet","IRL","Ireland","2013","2013",2,,
"SRO","Specific regulation of large outlet","ITA","Italy","1998","1998",3,,
"SRO","Specific regulation of large outlet","ITA","Italy","2003","2003",3,,
"SRO","Specific regulation of large outlet","ITA","Italy","2008","2008",4,,
"SRO","Specific regulation of large outlet","ITA","Italy","2013","2013",4,,
"SRO","Specific regulation of large outlet","JPN","Japan","1998","1998",5,,
"SRO","Specific regulation of large outlet","JPN","Japan","2003","2003",4,,
"SRO","Specific regulation of large outlet","JPN","Japan","2008","2008",4,,
"SRO","Specific regulation of large outlet","JPN","Japan","2013","2013",4,,
"SRO","Specific regulation of large outlet","KOR","Korea","1998","1998",0,,
"SRO","Specific regulation of large outlet","KOR","Korea","2003","2003",0,,
"SRO","Specific regulation of large outlet","KOR","Korea","2008","2008",0,,
"SRO","Specific regulation of large outlet","KOR","Korea","2013","2013",0,,
"SRO","Specific regulation of large outlet","LUX","Luxembourg","2003","2003",6,,
"SRO","Specific regulation of large outlet","LUX","Luxembourg","2008","2008",6,,
"SRO","Specific regulation of large outlet","LUX","Luxembourg","2013","2013",6,,
"SRO","Specific regulation of large outlet","MEX","Mexico","1998","1998",1,,
"SRO","Specific regulation of large outlet","MEX","Mexico","2003","2003",4,,
"SRO","Specific regulation of large outlet","MEX","Mexico","2008","2008",4,,
"SRO","Specific regulation of large outlet","MEX","Mexico","2013","2013",4,,
"SRO","Specific regulation of large outlet","NLD","Netherlands","1998","1998",0,,
"SRO","Specific regulation of large outlet","NLD","Netherlands","2003","2003",0,,
"SRO","Specific regulation of large outlet","NLD","Netherlands","2008","2008",0,,
"SRO","Specific regulation of large outlet","NLD","Netherlands","2013","2013",0,,
"SRO","Specific regulation of large outlet","NZL","New Zealand","2008","2008",0,,
"SRO","Specific regulation of large outlet","NZL","New Zealand","2013","2013",0,,
"SRO","Specific regulation of large outlet","NOR","Norway","1998","1998",2,,
"SRO","Specific regulation of large outlet","NOR","Norway","2003","2003",2,,
"SRO","Specific regulation of large outlet","NOR","Norway","2008","2008",2,,
"SRO","Specific regulation of large outlet","NOR","Norway","2013","2013",2,,
"SRO","Specific regulation of large outlet","POL","Poland","1998","1998",6,,
"SRO","Specific regulation of large outlet","POL","Poland","2003","2003",3,,
"SRO","Specific regulation of large outlet","POL","Poland","2008","2008",3,,
"SRO","Specific regulation of large outlet","POL","Poland","2013","2013",6,,
"SRO","Specific regulation of large outlet","PRT","Portugal","1998","1998",4,,
"SRO","Specific regulation of large outlet","PRT","Portugal","2003","2003",4,,
"SRO","Specific regulation of large outlet","PRT","Portugal","2008","2008",5,,
"SRO","Specific regulation of large outlet","PRT","Portugal","2013","2013",3,,
"SRO","Specific regulation of large outlet","SVK","Slovak Republic","2003","2003",0,,
"SRO","Specific regulation of large outlet","SVK","Slovak Republic","2008","2008",0,,
"SRO","Specific regulation of large outlet","SVK","Slovak Republic","2013","2013",0,,
"SRO","Specific regulation of large outlet","ESP","Spain","1998","1998",3,,
"SRO","Specific regulation of large outlet","ESP","Spain","2003","2003",3,,
"SRO","Specific regulation of large outlet","ESP","Spain","2008","2008",3,,
"SRO","Specific regulation of large outlet","ESP","Spain","2013","2013",3,,
"SRO","Specific regulation of large outlet","SWE","Sweden","1998","1998",0,,
"SRO","Specific regulation of large outlet","SWE","Sweden","2008","2008",0,,
"SRO","Specific regulation of large outlet","SWE","Sweden","2013","2013",0,,
"SRO","Specific regulation of large outlet","CHE","Switzerland","1998","1998",1,,
"SRO","Specific regulation of large outlet","CHE","Switzerland","2003","2003",0,,
"SRO","Specific regulation of large outlet","CHE","Switzerland","2008","2008",0,,
"SRO","Specific regulation of large outlet","CHE","Switzerland","2013","2013",0,,
"SRO","Specific regulation of large outlet","TUR","Turkey","2008","2008",0,,
"SRO","Specific regulation of large outlet","TUR","Turkey","2013","2013",0,,
"SRO","Specific regulation of large outlet","GBR","United Kingdom","1998","1998",6,,
"SRO","Specific regulation of large outlet","GBR","United Kingdom","2003","2003",6,,
"SRO","Specific regulation of large outlet","GBR","United Kingdom","2008","2008",6,,
"SRO","Specific regulation of large outlet","GBR","United Kingdom","2013","2013",6,,
"SRO","Specific regulation of large outlet","BRA","Brazil","2008","2008",0,,
"SRO","Specific regulation of large outlet","BRA","Brazil","2013","2013",0,,
"SRO","Specific regulation of large outlet","CHL","Chile","2008","2008",0,,
"SRO","Specific regulation of large outlet","CHL","Chile","2013","2013",0,,
"SRO","Specific regulation of large outlet","CHN","China (People's Republic of)","2008","2008",1,,
"SRO","Specific regulation of large outlet","CHN","China (People's Republic of)","2013","2013",1,,
"SRO","Specific regulation of large outlet","EST","Estonia","2008","2008",0,,
"SRO","Specific regulation of large outlet","EST","Estonia","2013","2013",0,,
"SRO","Specific regulation of large outlet","ISR","Israel","2008","2008",3,,
"SRO","Specific regulation of large outlet","ISR","Israel","2013","2013",5,,
"SRO","Specific regulation of large outlet","RUS","Russia","2008","2008",5,,
"SRO","Specific regulation of large outlet","RUS","Russia","2013","2013",5,,
"SRO","Specific regulation of large outlet","SVN","Slovenia","2008","2008",0,,
"SRO","Specific regulation of large outlet","SVN","Slovenia","2013","2013",0,,
"SRO","Specific regulation of large outlet","ZAF","South Africa","2008","2008",0,,
"SRO","Specific regulation of large outlet","ZAF","South Africa","2013","2013",0,,
"PEF","Protection of existing firms","AUS","Australia","1998","1998",3,,
"PEF","Protection of existing firms","AUS","Australia","2003","2003",3,,
"PEF","Protection of existing firms","AUS","Australia","2008","2008",3,,
"PEF","Protection of existing firms","AUS","Australia","2013","2013",0,,
"PEF","Protection of existing firms","AUT","Austria","1998","1998",3,,
"PEF","Protection of existing firms","AUT","Austria","2003","2003",0,,
"PEF","Protection of existing firms","AUT","Austria","2008","2008",0,,
"PEF","Protection of existing firms","AUT","Austria","2013","2013",0,,
"PEF","Protection of existing firms","BEL","Belgium","1998","1998",6,,
"PEF","Protection of existing firms","BEL","Belgium","2003","2003",6,,
"PEF","Protection of existing firms","BEL","Belgium","2008","2008",6,,
"PEF","Protection of existing firms","BEL","Belgium","2013","2013",6,,
"PEF","Protection of existing firms","CAN","Canada","1998","1998",3,,
"PEF","Protection of existing firms","CAN","Canada","2003","2003",3,,
"PEF","Protection of existing firms","CAN","Canada","2008","2008",3,,
"PEF","Protection of existing firms","CAN","Canada","2013","2013",3,,
"PEF","Protection of existing firms","CZE","Czech Republic","1998","1998",0,,
"PEF","Protection of existing firms","CZE","Czech Republic","2003","2003",0,,
"PEF","Protection of existing firms","CZE","Czech Republic","2008","2008",0,,
"PEF","Protection of existing firms","CZE","Czech Republic","2013","2013",0,,
"PEF","Protection of existing firms","DNK","Denmark","1998","1998",6,,
"PEF","Protection of existing firms","DNK","Denmark","2003","2003",6,,
"PEF","Protection of existing firms","DNK","Denmark","2008","2008",3,,
"PEF","Protection of existing firms","DNK","Denmark","2013","2013",3,,
"PEF","Protection of existing firms","FIN","Finland","1998","1998",6,,
"PEF","Protection of existing firms","FIN","Finland","2003","2003",6,,
"PEF","Protection of existing firms","FIN","Finland","2008","2008",6,,
"PEF","Protection of existing firms","FIN","Finland","2013","2013",6,,
"PEF","Protection of existing firms","FRA","France","1998","1998",6,,
"PEF","Protection of existing firms","FRA","France","2003","2003",6,,
"PEF","Protection of existing firms","FRA","France","2008","2008",6,,
"PEF","Protection of existing firms","FRA","France","2013","2013",3,,
"PEF","Protection of existing firms","DEU","Germany","1998","1998",3,,
"PEF","Protection of existing firms","DEU","Germany","2003","2003",3,,
"PEF","Protection of existing firms","DEU","Germany","2008","2008",3,,
"PEF","Protection of existing firms","DEU","Germany","2013","2013",3,,
"PEF","Protection of existing firms","GRC","Greece","1998","1998",6,,
"PEF","Protection of existing firms","GRC","Greece","2003","2003",6,,
"PEF","Protection of existing firms","GRC","Greece","2008","2008",3,,
"PEF","Protection of existing firms","GRC","Greece","2013","2013",0,,
"PEF","Protection of existing firms","HUN","Hungary","1998","1998",0,,
"PEF","Protection of existing firms","HUN","Hungary","2003","2003",0,,
"PEF","Protection of existing firms","HUN","Hungary","2008","2008",0,,
"PEF","Protection of existing firms","HUN","Hungary","2013","2013",0,,
"PEF","Protection of existing firms","ISL","Iceland","1998","1998",3,,
"PEF","Protection of existing firms","ISL","Iceland","2003","2003",3,,
"PEF","Protection of existing firms","ISL","Iceland","2008","2008",3,,
"PEF","Protection of existing firms","ISL","Iceland","2013","2013",3,,
"PEF","Protection of existing firms","IRL","Ireland","1998","1998",3,,
"PEF","Protection of existing firms","IRL","Ireland","2003","2003",0,,
"PEF","Protection of existing firms","IRL","Ireland","2008","2008",6,,
"PEF","Protection of existing firms","IRL","Ireland","2013","2013",6,,
"PEF","Protection of existing firms","ITA","Italy","1998","1998",6,,
"PEF","Protection of existing firms","ITA","Italy","2003","2003",3,,
"PEF","Protection of existing firms","ITA","Italy","2008","2008",3,,
"PEF","Protection of existing firms","ITA","Italy","2013","2013",3,,
"PEF","Protection of existing firms","JPN","Japan","1998","1998",6,,
"PEF","Protection of existing firms","JPN","Japan","2003","2003",3,,
"PEF","Protection of existing firms","JPN","Japan","2008","2008",3,,
"PEF","Protection of existing firms","JPN","Japan","2013","2013",3,,
"PEF","Protection of existing firms","KOR","Korea","1998","1998",0,,
"PEF","Protection of existing firms","KOR","Korea","2003","2003",0,,
"PEF","Protection of existing firms","KOR","Korea","2008","2008",0,,
"PEF","Protection of existing firms","KOR","Korea","2013","2013",0,,
"PEF","Protection of existing firms","LUX","Luxembourg","2003","2003",3,,
"PEF","Protection of existing firms","LUX","Luxembourg","2008","2008",3,,
"PEF","Protection of existing firms","LUX","Luxembourg","2013","2013",3,,
"PEF","Protection of existing firms","MEX","Mexico","1998","1998",3,,
"PEF","Protection of existing firms","MEX","Mexico","2003","2003",3,,
"PEF","Protection of existing firms","MEX","Mexico","2008","2008",3,,
"PEF","Protection of existing firms","MEX","Mexico","2013","2013",3,,
"PEF","Protection of existing firms","NLD","Netherlands","1998","1998",3,,
"PEF","Protection of existing firms","NLD","Netherlands","2003","2003",3,,
"PEF","Protection of existing firms","NLD","Netherlands","2008","2008",0,,
"PEF","Protection of existing firms","NLD","Netherlands","2013","2013",0,,
"PEF","Protection of existing firms","NZL","New Zealand","2003","2003",0,,
"PEF","Protection of existing firms","NZL","New Zealand","2008","2008",0,,
"PEF","Protection of existing firms","NZL","New Zealand","2013","2013",0,,
"PEF","Protection of existing firms","NOR","Norway","1998","1998",6,,
"PEF","Protection of existing firms","NOR","Norway","2003","2003",3,,
"PEF","Protection of existing firms","NOR","Norway","2008","2008",3,,
"PEF","Protection of existing firms","NOR","Norway","2013","2013",3,,
"PEF","Protection of existing firms","POL","Poland","1998","1998",3,,
"PEF","Protection of existing firms","POL","Poland","2003","2003",3,,
"PEF","Protection of existing firms","POL","Poland","2008","2008",3,,
"PEF","Protection of existing firms","POL","Poland","2013","2013",3,,
"PEF","Protection of existing firms","PRT","Portugal","1998","1998",0,,
"PEF","Protection of existing firms","PRT","Portugal","2003","2003",0,,
"PEF","Protection of existing firms","PRT","Portugal","2008","2008",3,,
"PEF","Protection of existing firms","PRT","Portugal","2013","2013",0,,
"PEF","Protection of existing firms","SVK","Slovak Republic","2003","2003",0,,
"PEF","Protection of existing firms","SVK","Slovak Republic","2008","2008",0,,
"PEF","Protection of existing firms","SVK","Slovak Republic","2013","2013",0,,
"PEF","Protection of existing firms","ESP","Spain","1998","1998",3,,
"PEF","Protection of existing firms","ESP","Spain","2003","2003",3,,
"PEF","Protection of existing firms","ESP","Spain","2008","2008",3,,
"PEF","Protection of existing firms","ESP","Spain","2013","2013",3,,
"PEF","Protection of existing firms","SWE","Sweden","1998","1998",6,,
"PEF","Protection of existing firms","SWE","Sweden","2003","2003",3,,
"PEF","Protection of existing firms","SWE","Sweden","2008","2008",3,,
"PEF","Protection of existing firms","SWE","Sweden","2013","2013",3,,
"PEF","Protection of existing firms","CHE","Switzerland","1998","1998",0,,
"PEF","Protection of existing firms","CHE","Switzerland","2003","2003",0,,
"PEF","Protection of existing firms","CHE","Switzerland","2008","2008",0,,
"PEF","Protection of existing firms","CHE","Switzerland","2013","2013",0,,
"PEF","Protection of existing firms","TUR","Turkey","1998","1998",3,,
"PEF","Protection of existing firms","TUR","Turkey","2003","2003",3,,
"PEF","Protection of existing firms","TUR","Turkey","2008","2008",3,,
"PEF","Protection of existing firms","TUR","Turkey","2013","2013",3,,
"PEF","Protection of existing firms","GBR","United Kingdom","1998","1998",6,,
"PEF","Protection of existing firms","GBR","United Kingdom","2003","2003",0,,
"PEF","Protection of existing firms","GBR","United Kingdom","2008","2008",0,,
"PEF","Protection of existing firms","GBR","United Kingdom","2013","2013",0,,
"PEF","Protection of existing firms","USA","United States","2003","2003",3,,
"PEF","Protection of existing firms","USA","United States","2008","2008",3,,
"PEF","Protection of existing firms","USA","United States","2013","2013",3,,
"PEF","Protection of existing firms","BRA","Brazil","2008","2008",0,,
"PEF","Protection of existing firms","BRA","Brazil","2013","2013",0,,
"PEF","Protection of existing firms","CHL","Chile","2008","2008",0,,
"PEF","Protection of existing firms","CHL","Chile","2013","2013",0,,
"PEF","Protection of existing firms","CHN","China (People's Republic of)","2008","2008",6,,
"PEF","Protection of existing firms","CHN","China (People's Republic of)","2013","2013",3,,
"PEF","Protection of existing firms","EST","Estonia","2008","2008",0,,
"PEF","Protection of existing firms","EST","Estonia","2013","2013",0,,
"PEF","Protection of existing firms","IND","India","2008","2008",3,,
"PEF","Protection of existing firms","IND","India","2013","2013",3,,
"PEF","Protection of existing firms","IDN","Indonesia","2013","2013",0,,
"PEF","Protection of existing firms","ISR","Israel","2008","2008",6,,
"PEF","Protection of existing firms","ISR","Israel","2013","2013",6,,
"PEF","Protection of existing firms","RUS","Russia","2008","2008",0,,
"PEF","Protection of existing firms","RUS","Russia","2013","2013",0,,
"PEF","Protection of existing firms","SVN","Slovenia","2008","2008",0,,
"PEF","Protection of existing firms","SVN","Slovenia","2013","2013",0,,
"PEF","Protection of existing firms","ZAF","South Africa","2008","2008",0,,
"PEF","Protection of existing firms","ZAF","South Africa","2013","2013",0,,
"ROO","Regulation concerning shop opening hours","AUS","Australia","1998","1998",2.2857144,,
"ROO","Regulation concerning shop opening hours","AUS","Australia","2003","2003",2.2857144,,
"ROO","Regulation concerning shop opening hours","AUS","Australia","2008","2008",2.2857144,,
"ROO","Regulation concerning shop opening hours","AUS","Australia","2013","2013",0,,
"ROO","Regulation concerning shop opening hours","AUT","Austria","1998","1998",5,,
"ROO","Regulation concerning shop opening hours","AUT","Austria","2003","2003",5,,
"ROO","Regulation concerning shop opening hours","AUT","Austria","2008","2008",5,,
"ROO","Regulation concerning shop opening hours","AUT","Austria","2013","2013",5,,
"ROO","Regulation concerning shop opening hours","BEL","Belgium","1998","1998",3.4285715,,
"ROO","Regulation concerning shop opening hours","BEL","Belgium","2003","2003",3.4285715,,
"ROO","Regulation concerning shop opening hours","BEL","Belgium","2008","2008",3.4285715,,
"ROO","Regulation concerning shop opening hours","BEL","Belgium","2013","2013",3.4285715,,
"ROO","Regulation concerning shop opening hours","CAN","Canada","1998","1998",2.2857144,,
"ROO","Regulation concerning shop opening hours","CAN","Canada","2003","2003",2.2857144,,
"ROO","Regulation concerning shop opening hours","CAN","Canada","2008","2008",2.2857144,,
"ROO","Regulation concerning shop opening hours","CAN","Canada","2013","2013",2.2857144,,
"ROO","Regulation concerning shop opening hours","CZE","Czech Republic","1998","1998",0,,
"ROO","Regulation concerning shop opening hours","CZE","Czech Republic","2003","2003",0,,
"ROO","Regulation concerning shop opening hours","CZE","Czech Republic","2008","2008",0,,
"ROO","Regulation concerning shop opening hours","CZE","Czech Republic","2013","2013",0,,
"ROO","Regulation concerning shop opening hours","DNK","Denmark","1998","1998",1.1428572,,
"ROO","Regulation concerning shop opening hours","DNK","Denmark","2003","2003",1.1428572,,
"ROO","Regulation concerning shop opening hours","DNK","Denmark","2008","2008",1.1428572,,
"ROO","Regulation concerning shop opening hours","DNK","Denmark","2013","2013",0.85714287,,
"ROO","Regulation concerning shop opening hours","FIN","Finland","1998","1998",3.7142856,,
"ROO","Regulation concerning shop opening hours","FIN","Finland","2003","2003",3.7142856,,
"ROO","Regulation concerning shop opening hours","FIN","Finland","2008","2008",3.7142856,,
"ROO","Regulation concerning shop opening hours","FIN","Finland","2013","2013",3.7142856,,
"ROO","Regulation concerning shop opening hours","FRA","France","1998","1998",0.42857143,,
"ROO","Regulation concerning shop opening hours","FRA","France","2003","2003",0.42857143,,
"ROO","Regulation concerning shop opening hours","FRA","France","2008","2008",0.42857143,,
"ROO","Regulation concerning shop opening hours","FRA","France","2013","2013",0.42857143,,
"ROO","Regulation concerning shop opening hours","DEU","Germany","1998","1998",5.1428571,,
"ROO","Regulation concerning shop opening hours","DEU","Germany","2003","2003",5.1428571,,
"ROO","Regulation concerning shop opening hours","DEU","Germany","2008","2008",2.1428571,,
"ROO","Regulation concerning shop opening hours","DEU","Germany","2013","2013",2.1428571,,
"ROO","Regulation concerning shop opening hours","GRC","Greece","1998","1998",2.7142856,,
"ROO","Regulation concerning shop opening hours","GRC","Greece","2003","2003",2.7142856,,
"ROO","Regulation concerning shop opening hours","GRC","Greece","2008","2008",2.7142856,,
"ROO","Regulation concerning shop opening hours","GRC","Greece","2013","2013",2.7142856,,
"ROO","Regulation concerning shop opening hours","HUN","Hungary","1998","1998",0.14285715,,
"ROO","Regulation concerning shop opening hours","HUN","Hungary","2003","2003",0.14285715,,
"ROO","Regulation concerning shop opening hours","HUN","Hungary","2008","2008",0.14285715,,
"ROO","Regulation concerning shop opening hours","HUN","Hungary","2013","2013",0.14285715,,
"ROO","Regulation concerning shop opening hours","ISL","Iceland","1998","1998",6,,
"ROO","Regulation concerning shop opening hours","ISL","Iceland","2003","2003",0,,
"ROO","Regulation concerning shop opening hours","ISL","Iceland","2008","2008",0,,
"ROO","Regulation concerning shop opening hours","ISL","Iceland","2013","2013",0,,
"ROO","Regulation concerning shop opening hours","IRL","Ireland","1998","1998",0,,
"ROO","Regulation concerning shop opening hours","IRL","Ireland","2003","2003",0,,
"ROO","Regulation concerning shop opening hours","IRL","Ireland","2008","2008",0,,
"ROO","Regulation concerning shop opening hours","IRL","Ireland","2013","2013",0,,
"ROO","Regulation concerning shop opening hours","ITA","Italy","1998","1998",4.2857141,,
"ROO","Regulation concerning shop opening hours","ITA","Italy","2003","2003",4.2857141,,
"ROO","Regulation concerning shop opening hours","ITA","Italy","2008","2008",4.2857141,,
"ROO","Regulation concerning shop opening hours","ITA","Italy","2013","2013",0,,
"ROO","Regulation concerning shop opening hours","JPN","Japan","1998","1998",0,,
"ROO","Regulation concerning shop opening hours","JPN","Japan","2003","2003",0,,
"ROO","Regulation concerning shop opening hours","JPN","Japan","2008","2008",0,,
"ROO","Regulation concerning shop opening hours","JPN","Japan","2013","2013",0,,
"ROO","Regulation concerning shop opening hours","KOR","Korea","1998","1998",0,,
"ROO","Regulation concerning shop opening hours","KOR","Korea","2003","2003",0,,
"ROO","Regulation concerning shop opening hours","KOR","Korea","2008","2008",0,,
"ROO","Regulation concerning shop opening hours","KOR","Korea","2013","2013",0,,
"ROO","Regulation concerning shop opening hours","LUX","Luxembourg","1998","1998",3.5714285,,
"ROO","Regulation concerning shop opening hours","LUX","Luxembourg","2003","2003",3.5714285,,
"ROO","Regulation concerning shop opening hours","LUX","Luxembourg","2008","2008",3.5714285,,
"ROO","Regulation concerning shop opening hours","LUX","Luxembourg","2013","2013",3.5714285,,
"ROO","Regulation concerning shop opening hours","MEX","Mexico","1998","1998",0,,
"ROO","Regulation concerning shop opening hours","MEX","Mexico","2003","2003",0,,
"ROO","Regulation concerning shop opening hours","MEX","Mexico","2008","2008",0,,
"ROO","Regulation concerning shop opening hours","MEX","Mexico","2013","2013",0,,
"ROO","Regulation concerning shop opening hours","NLD","Netherlands","1998","1998",2.5714285,,
"ROO","Regulation concerning shop opening hours","NLD","Netherlands","2003","2003",2.5714285,,
"ROO","Regulation concerning shop opening hours","NLD","Netherlands","2008","2008",2.5714285,,
"ROO","Regulation concerning shop opening hours","NLD","Netherlands","2013","2013",2.5714285,,
"ROO","Regulation concerning shop opening hours","NZL","New Zealand","1998","1998",0,,
"ROO","Regulation concerning shop opening hours","NZL","New Zealand","2003","2003",0,,
"ROO","Regulation concerning shop opening hours","NZL","New Zealand","2008","2008",0,,
"ROO","Regulation concerning shop opening hours","NZL","New Zealand","2013","2013",0,,
"ROO","Regulation concerning shop opening hours","NOR","Norway","1998","1998",0.85714287,,
"ROO","Regulation concerning shop opening hours","NOR","Norway","2003","2003",0.85714287,,
"ROO","Regulation concerning shop opening hours","NOR","Norway","2008","2008",0.85714287,,
"ROO","Regulation concerning shop opening hours","NOR","Norway","2013","2013",0.85714287,,
"ROO","Regulation concerning shop opening hours","POL","Poland","1998","1998",0.071428575,,
"ROO","Regulation concerning shop opening hours","POL","Poland","2003","2003",0.071428575,,
"ROO","Regulation concerning shop opening hours","POL","Poland","2008","2008",0.071428575,,
"ROO","Regulation concerning shop opening hours","POL","Poland","2013","2013",0.14285715,,
"ROO","Regulation concerning shop opening hours","PRT","Portugal","2013","2013",1,,
"ROO","Regulation concerning shop opening hours","SVK","Slovak Republic","1998","1998",2.6428571,,
"ROO","Regulation concerning shop opening hours","SVK","Slovak Republic","2003","2003",2.6428571,,
"ROO","Regulation concerning shop opening hours","SVK","Slovak Republic","2008","2008",2.6428571,,
"ROO","Regulation concerning shop opening hours","SVK","Slovak Republic","2013","2013",2.6428571,,
"ROO","Regulation concerning shop opening hours","ESP","Spain","2013","2013",3.4285715,,
"ROO","Regulation concerning shop opening hours","SWE","Sweden","1998","1998",0,,
"ROO","Regulation concerning shop opening hours","SWE","Sweden","2003","2003",0,,
"ROO","Regulation concerning shop opening hours","SWE","Sweden","2008","2008",0,,
"ROO","Regulation concerning shop opening hours","SWE","Sweden","2013","2013",0,,
"ROO","Regulation concerning shop opening hours","CHE","Switzerland","1998","1998",2.6428571,,
"ROO","Regulation concerning shop opening hours","CHE","Switzerland","2003","2003",2.6428571,,
"ROO","Regulation concerning shop opening hours","CHE","Switzerland","2008","2008",2.6428571,,
"ROO","Regulation concerning shop opening hours","CHE","Switzerland","2013","2013",2.6428571,,
"ROO","Regulation concerning shop opening hours","GBR","United Kingdom","2013","2013",0,,
"ROO","Regulation concerning shop opening hours","USA","United States","1998","1998",0,,
"ROO","Regulation concerning shop opening hours","USA","United States","2003","2003",0,,
"ROO","Regulation concerning shop opening hours","USA","United States","2008","2008",0,,
"ROO","Regulation concerning shop opening hours","USA","United States","2013","2013",0,,
"ROO","Regulation concerning shop opening hours","CHL","Chile","2008","2008",0,,
"ROO","Regulation concerning shop opening hours","CHL","Chile","2013","2013",0,,
"ROO","Regulation concerning shop opening hours","CHN","China (People's Republic of)","2013","2013",0,,
"ROO","Regulation concerning shop opening hours","EST","Estonia","2008","2008",0,,
"ROO","Regulation concerning shop opening hours","EST","Estonia","2013","2013",0,,
"ROO","Regulation concerning shop opening hours","IND","India","2013","2013",3.8571429,,
"ROO","Regulation concerning shop opening hours","IDN","Indonesia","2013","2013",4.7142859,,
"ROO","Regulation concerning shop opening hours","ISR","Israel","2008","2008",2.5714285,,
"ROO","Regulation concerning shop opening hours","ISR","Israel","2013","2013",2.8571429,,
"ROO","Regulation concerning shop opening hours","RUS","Russia","2008","2008",0,,
"ROO","Regulation concerning shop opening hours","RUS","Russia","2013","2013",0,,
"ROO","Regulation concerning shop opening hours","SVN","Slovenia","2008","2008",0,,
"ROO","Regulation concerning shop opening hours","SVN","Slovenia","2013","2013",0,,
"ROO","Regulation concerning shop opening hours","ZAF","South Africa","2008","2008",0,,
"ROO","Regulation concerning shop opening hours","ZAF","South Africa","2013","2013",0,,
"PCL","Price controls","AUS","Australia","1998","1998",2,,
"PCL","Price controls","AUS","Australia","2003","2003",1,,
"PCL","Price controls","AUS","Australia","2008","2008",1,,
"PCL","Price controls","AUS","Australia","2013","2013",0.85714287,,
"PCL","Price controls","AUT","Austria","1998","1998",2.4000001,,
"PCL","Price controls","AUT","Austria","2003","2003",2,,
"PCL","Price controls","AUT","Austria","2008","2008",2,,
"PCL","Price controls","AUT","Austria","2013","2013",2,,
"PCL","Price controls","BEL","Belgium","1998","1998",4.2857141,,
"PCL","Price controls","BEL","Belgium","2003","2003",3.4285715,,
"PCL","Price controls","BEL","Belgium","2008","2008",1.7142857,,
"PCL","Price controls","BEL","Belgium","2013","2013",1.7142857,,
"PCL","Price controls","CAN","Canada","1998","1998",4,,
"PCL","Price controls","CAN","Canada","2003","2003",4,,
"PCL","Price controls","CAN","Canada","2008","2008",4,,
"PCL","Price controls","CAN","Canada","2013","2013",4,,
"PCL","Price controls","CZE","Czech Republic","1998","1998",2.5714285,,
"PCL","Price controls","CZE","Czech Republic","2003","2003",2.5714285,,
"PCL","Price controls","CZE","Czech Republic","2008","2008",2.5714285,,
"PCL","Price controls","CZE","Czech Republic","2013","2013",2.5714285,,
"PCL","Price controls","DNK","Denmark","1998","1998",0.85714287,,
"PCL","Price controls","DNK","Denmark","2003","2003",0.85714287,,
"PCL","Price controls","DNK","Denmark","2008","2008",0.85714287,,
"PCL","Price controls","DNK","Denmark","2013","2013",0.85714287,,
"PCL","Price controls","FIN","Finland","1998","1998",0.85714287,,
"PCL","Price controls","FIN","Finland","2003","2003",0.85714287,,
"PCL","Price controls","FIN","Finland","2008","2008",1,,
"PCL","Price controls","FIN","Finland","2013","2013",0.85714287,,
"PCL","Price controls","FRA","France","1998","1998",2.5714285,,
"PCL","Price controls","FRA","France","2003","2003",1.7142857,,
"PCL","Price controls","FRA","France","2008","2008",2,,
"PCL","Price controls","FRA","France","2013","2013",2,,
"PCL","Price controls","DEU","Germany","1998","1998",2.5714285,,
"PCL","Price controls","DEU","Germany","2003","2003",1.7142857,,
"PCL","Price controls","DEU","Germany","2008","2008",1.7142857,,
"PCL","Price controls","DEU","Germany","2013","2013",1.7142857,,
"PCL","Price controls","GRC","Greece","1998","1998",3,,
"PCL","Price controls","GRC","Greece","2003","2003",2.5714285,,
"PCL","Price controls","GRC","Greece","2008","2008",1.7142857,,
"PCL","Price controls","GRC","Greece","2013","2013",0.85714287,,
"PCL","Price controls","HUN","Hungary","1998","1998",2.4000001,,
"PCL","Price controls","HUN","Hungary","2003","2003",1,,
"PCL","Price controls","HUN","Hungary","2008","2008",1.7142857,,
"PCL","Price controls","HUN","Hungary","2013","2013",1.7142857,,
"PCL","Price controls","ISL","Iceland","1998","1998",1,,
"PCL","Price controls","ISL","Iceland","2003","2003",0.85714287,,
"PCL","Price controls","ISL","Iceland","2008","2008",1,,
"PCL","Price controls","ISL","Iceland","2013","2013",1,,
"PCL","Price controls","IRL","Ireland","1998","1998",2,,
"PCL","Price controls","IRL","Ireland","2003","2003",2,,
"PCL","Price controls","IRL","Ireland","2008","2008",0,,
"PCL","Price controls","IRL","Ireland","2013","2013",0,,
"PCL","Price controls","ITA","Italy","1998","1998",1.7142857,,
"PCL","Price controls","ITA","Italy","2003","2003",1.7142857,,
"PCL","Price controls","ITA","Italy","2008","2008",2,,
"PCL","Price controls","ITA","Italy","2013","2013",1.7142857,,
"PCL","Price controls","JPN","Japan","1998","1998",3.5999999,,
"PCL","Price controls","JPN","Japan","2003","2003",2,,
"PCL","Price controls","JPN","Japan","2008","2008",2,,
"PCL","Price controls","JPN","Japan","2013","2013",2.4000001,,
"PCL","Price controls","KOR","Korea","1998","1998",1.7142857,,
"PCL","Price controls","KOR","Korea","2003","2003",3,,
"PCL","Price controls","KOR","Korea","2008","2008",3,,
"PCL","Price controls","KOR","Korea","2013","2013",3.5999999,,
"PCL","Price controls","LUX","Luxembourg","2003","2003",3.4285715,,
"PCL","Price controls","LUX","Luxembourg","2008","2008",3.4285715,,
"PCL","Price controls","LUX","Luxembourg","2013","2013",3.4285715,,
"PCL","Price controls","MEX","Mexico","1998","1998",2,,
"PCL","Price controls","MEX","Mexico","2003","2003",0.85714287,,
"PCL","Price controls","MEX","Mexico","2008","2008",1,,
"PCL","Price controls","MEX","Mexico","2013","2013",0.85714287,,
"PCL","Price controls","NLD","Netherlands","1998","1998",0.85714287,,
"PCL","Price controls","NLD","Netherlands","2003","2003",0.85714287,,
"PCL","Price controls","NLD","Netherlands","2008","2008",1.7142857,,
"PCL","Price controls","NLD","Netherlands","2013","2013",1.7142857,,
"PCL","Price controls","NZL","New Zealand","1998","1998",0,,
"PCL","Price controls","NZL","New Zealand","2003","2003",0,,
"PCL","Price controls","NZL","New Zealand","2008","2008",0,,
"PCL","Price controls","NZL","New Zealand","2013","2013",0,,
"PCL","Price controls","NOR","Norway","1998","1998",2.5714285,,
"PCL","Price controls","NOR","Norway","2003","2003",1.7142857,,
"PCL","Price controls","NOR","Norway","2008","2008",1.7142857,,
"PCL","Price controls","NOR","Norway","2013","2013",1.7142857,,
"PCL","Price controls","POL","Poland","1998","1998",0.85714287,,
"PCL","Price controls","POL","Poland","2003","2003",0.85714287,,
"PCL","Price controls","POL","Poland","2008","2008",0.85714287,,
"PCL","Price controls","POL","Poland","2013","2013",0.85714287,,
"PCL","Price controls","PRT","Portugal","1998","1998",4.2857141,,
"PCL","Price controls","PRT","Portugal","2003","2003",3.4285715,,
"PCL","Price controls","PRT","Portugal","2008","2008",3.4285715,,
"PCL","Price controls","PRT","Portugal","2013","2013",2.5714285,,
"PCL","Price controls","SVK","Slovak Republic","2003","2003",0,,
"PCL","Price controls","SVK","Slovak Republic","2008","2008",0,,
"PCL","Price controls","SVK","Slovak Republic","2013","2013",0.85714287,,
"PCL","Price controls","ESP","Spain","1998","1998",3,,
"PCL","Price controls","ESP","Spain","2003","2003",1,,
"PCL","Price controls","ESP","Spain","2008","2008",0,,
"PCL","Price controls","ESP","Spain","2013","2013",0.85714287,,
"PCL","Price controls","SWE","Sweden","1998","1998",0,,
"PCL","Price controls","SWE","Sweden","2003","2003",0,,
"PCL","Price controls","SWE","Sweden","2008","2008",0,,
"PCL","Price controls","SWE","Sweden","2013","2013",0,,
"PCL","Price controls","CHE","Switzerland","1998","1998",2,,
"PCL","Price controls","CHE","Switzerland","2003","2003",1.7142857,,
"PCL","Price controls","CHE","Switzerland","2008","2008",1.7142857,,
"PCL","Price controls","CHE","Switzerland","2013","2013",1.7142857,,
"PCL","Price controls","TUR","Turkey","1998","1998",3.4285715,,
"PCL","Price controls","TUR","Turkey","2003","2003",1.7142857,,
"PCL","Price controls","TUR","Turkey","2008","2008",1.7142857,,
"PCL","Price controls","TUR","Turkey","2013","2013",1.7142857,,
"PCL","Price controls","GBR","United Kingdom","1998","1998",1,,
"PCL","Price controls","GBR","United Kingdom","2003","2003",0.85714287,,
"PCL","Price controls","GBR","United Kingdom","2008","2008",1,,
"PCL","Price controls","GBR","United Kingdom","2013","2013",0.85714287,,
"PCL","Price controls","USA","United States","1998","1998",0,,
"PCL","Price controls","USA","United States","2003","2003",1,,
"PCL","Price controls","USA","United States","2008","2008",1,,
"PCL","Price controls","USA","United States","2013","2013",1.7142857,,
"PCL","Price controls","BRA","Brazil","2008","2008",2.5714285,,
"PCL","Price controls","BRA","Brazil","2013","2013",2.5714285,,
"PCL","Price controls","CHL","Chile","2008","2008",0,,
"PCL","Price controls","CHL","Chile","2013","2013",0,,
"PCL","Price controls","CHN","China (People's Republic of)","2008","2008",4,,
"PCL","Price controls","CHN","China (People's Republic of)","2013","2013",5.1428571,,
"PCL","Price controls","EST","Estonia","2008","2008",2.4000001,,
"PCL","Price controls","EST","Estonia","2013","2013",3,,
"PCL","Price controls","IND","India","2008","2008",4,,
"PCL","Price controls","IND","India","2013","2013",3.4285715,,
"PCL","Price controls","IDN","Indonesia","2013","2013",1.7142857,,
"PCL","Price controls","ISR","Israel","2008","2008",3.5999999,,
"PCL","Price controls","ISR","Israel","2013","2013",3,,
"PCL","Price controls","RUS","Russia","2008","2008",4.8000002,,
"PCL","Price controls","RUS","Russia","2013","2013",4,,
"PCL","Price controls","SVN","Slovenia","2008","2008",3,,
"PCL","Price controls","SVN","Slovenia","2013","2013",2.5714285,,
"PCL","Price controls","ZAF","South Africa","2008","2008",1.2,,
"PCL","Price controls","ZAF","South Africa","2013","2013",1.7142857,,
"PRO","Promotions/discounts","AUS","Australia","1998","1998",0,,
"PRO","Promotions/discounts","AUS","Australia","2003","2003",0,,
"PRO","Promotions/discounts","AUS","Australia","2008","2008",0,,
"PRO","Promotions/discounts","AUS","Australia","2013","2013",0,,
"PRO","Promotions/discounts","AUT","Austria","1998","1998",3,,
"PRO","Promotions/discounts","AUT","Austria","2003","2003",3,,
"PRO","Promotions/discounts","AUT","Austria","2008","2008",3,,
"PRO","Promotions/discounts","AUT","Austria","2013","2013",2,,
"PRO","Promotions/discounts","BEL","Belgium","1998","1998",6,,
"PRO","Promotions/discounts","BEL","Belgium","2003","2003",6,,
"PRO","Promotions/discounts","BEL","Belgium","2008","2008",6,,
"PRO","Promotions/discounts","BEL","Belgium","2013","2013",3,,
"PRO","Promotions/discounts","CAN","Canada","1998","1998",0,,
"PRO","Promotions/discounts","CAN","Canada","2003","2003",0,,
"PRO","Promotions/discounts","CAN","Canada","2008","2008",0,,
"PRO","Promotions/discounts","CAN","Canada","2013","2013",0,,
"PRO","Promotions/discounts","CZE","Czech Republic","1998","1998",0,,
"PRO","Promotions/discounts","CZE","Czech Republic","2003","2003",0,,
"PRO","Promotions/discounts","CZE","Czech Republic","2008","2008",0,,
"PRO","Promotions/discounts","CZE","Czech Republic","2013","2013",2,,
"PRO","Promotions/discounts","DNK","Denmark","1998","1998",0,,
"PRO","Promotions/discounts","DNK","Denmark","2003","2003",0,,
"PRO","Promotions/discounts","DNK","Denmark","2008","2008",0,,
"PRO","Promotions/discounts","DNK","Denmark","2013","2013",0,,
"PRO","Promotions/discounts","FIN","Finland","1998","1998",0,,
"PRO","Promotions/discounts","FIN","Finland","2003","2003",0,,
"PRO","Promotions/discounts","FIN","Finland","2008","2008",0,,
"PRO","Promotions/discounts","FIN","Finland","2013","2013",0,,
"PRO","Promotions/discounts","FRA","France","1998","1998",6,,
"PRO","Promotions/discounts","FRA","France","2003","2003",6,,
"PRO","Promotions/discounts","FRA","France","2008","2008",6,,
"PRO","Promotions/discounts","FRA","France","2013","2013",4,,
"PRO","Promotions/discounts","DEU","Germany","1998","1998",3,,
"PRO","Promotions/discounts","DEU","Germany","2003","2003",3,,
"PRO","Promotions/discounts","DEU","Germany","2008","2008",3,,
"PRO","Promotions/discounts","DEU","Germany","2013","2013",2,,
"PRO","Promotions/discounts","GRC","Greece","1998","1998",6,,
"PRO","Promotions/discounts","GRC","Greece","2003","2003",6,,
"PRO","Promotions/discounts","GRC","Greece","2008","2008",6,,
"PRO","Promotions/discounts","GRC","Greece","2013","2013",2,,
"PRO","Promotions/discounts","HUN","Hungary","1998","1998",0,,
"PRO","Promotions/discounts","HUN","Hungary","2003","2003",0,,
"PRO","Promotions/discounts","HUN","Hungary","2008","2008",0,,
"PRO","Promotions/discounts","HUN","Hungary","2013","2013",0,,
"PRO","Promotions/discounts","ISL","Iceland","1998","1998",0,,
"PRO","Promotions/discounts","ISL","Iceland","2003","2003",0,,
"PRO","Promotions/discounts","ISL","Iceland","2008","2008",0,,
"PRO","Promotions/discounts","ISL","Iceland","2013","2013",0,,
"PRO","Promotions/discounts","IRL","Ireland","1998","1998",0,,
"PRO","Promotions/discounts","IRL","Ireland","2003","2003",0,,
"PRO","Promotions/discounts","IRL","Ireland","2008","2008",0,,
"PRO","Promotions/discounts","IRL","Ireland","2013","2013",0,,
"PRO","Promotions/discounts","NLD","Netherlands","1998","1998",0,,
"PRO","Promotions/discounts","NLD","Netherlands","2003","2003",0,,
"PRO","Promotions/discounts","NLD","Netherlands","2008","2008",0,,
"PRO","Promotions/discounts","NLD","Netherlands","2013","2013",0,,
"PRO","Promotions/discounts","NZL","New Zealand","2003","2003",0,,
"PRO","Promotions/discounts","NZL","New Zealand","2008","2008",0,,
"PRO","Promotions/discounts","NZL","New Zealand","2013","2013",0,,
"PRO","Promotions/discounts","NOR","Norway","1998","1998",0,,
"PRO","Promotions/discounts","NOR","Norway","2003","2003",0,,
"PRO","Promotions/discounts","NOR","Norway","2008","2008",0,,
"PRO","Promotions/discounts","NOR","Norway","2013","2013",0,,
"PRO","Promotions/discounts","PRT","Portugal","1998","1998",6,,
"PRO","Promotions/discounts","PRT","Portugal","2003","2003",6,,
"PRO","Promotions/discounts","PRT","Portugal","2008","2008",6,,
"PRO","Promotions/discounts","PRT","Portugal","2013","2013",2,,
"PRO","Promotions/discounts","SVK","Slovak Republic","2003","2003",0,,
"PRO","Promotions/discounts","SVK","Slovak Republic","2008","2008",0,,
"PRO","Promotions/discounts","SVK","Slovak Republic","2013","2013",4,,
"PRO","Promotions/discounts","ESP","Spain","1998","1998",6,,
"PRO","Promotions/discounts","ESP","Spain","2003","2003",6,,
"PRO","Promotions/discounts","ESP","Spain","2008","2008",6,,
"PRO","Promotions/discounts","ESP","Spain","2013","2013",4,,
"PRO","Promotions/discounts","SWE","Sweden","1998","1998",0,,
"PRO","Promotions/discounts","SWE","Sweden","2003","2003",0,,
"PRO","Promotions/discounts","SWE","Sweden","2008","2008",0,,
"PRO","Promotions/discounts","SWE","Sweden","2013","2013",0,,
"PRO","Promotions/discounts","CHE","Switzerland","1998","1998",3,,
"PRO","Promotions/discounts","CHE","Switzerland","2003","2003",3,,
"PRO","Promotions/discounts","CHE","Switzerland","2008","2008",3,,
"PRO","Promotions/discounts","CHE","Switzerland","2013","2013",2,,
"PRO","Promotions/discounts","GBR","United Kingdom","1998","1998",0,,
"PRO","Promotions/discounts","GBR","United Kingdom","2003","2003",0,,
"PRO","Promotions/discounts","GBR","United Kingdom","2008","2008",0,,
"PRO","Promotions/discounts","GBR","United Kingdom","2013","2013",0,,
"PRO","Promotions/discounts","USA","United States","2003","2003",0,,
"PRO","Promotions/discounts","USA","United States","2008","2008",0,,
"PRO","Promotions/discounts","USA","United States","2013","2013",0,,
"SUM","Summary","BGR","Bulgaria","2013","2013",0.2,,
"LPC","Registration and licensing requirements","BGR","Bulgaria","2013","2013",1.2,,
"SRO","Specific regulation of large outlet","BGR","Bulgaria","2013","2013",0,,
"PEF","Protection of existing firms","BGR","Bulgaria","2013","2013",0,,
"ROO","Regulation concerning shop opening hours","BGR","Bulgaria","2013","2013",0,,
"PCL","Price controls","BGR","Bulgaria","2013","2013",0,,
"PRO","Promotions/discounts","BGR","Bulgaria","2013","2013",0,,
"PRO","Promotions/discounts","CHL","Chile","2008","2008",0,,
"PRO","Promotions/discounts","CHL","Chile","2013","2013",0,,
"PRO","Promotions/discounts","EST","Estonia","2008","2008",0,,
"PRO","Promotions/discounts","EST","Estonia","2013","2013",0,,
"SUM","Summary","IDN","Indonesia","2013","2013",2.3714287,,
"SRO","Specific regulation of large outlet","IDN","Indonesia","2013","2013",1,,
"PRO","Promotions/discounts","IDN","Indonesia","2013","2013",2,,
"PRO","Promotions/discounts","ISR","Israel","2008","2008",0,,
"PRO","Promotions/discounts","ISR","Israel","2013","2013",0,,
"PRO","Promotions/discounts","SVN","Slovenia","2008","2008",0,,
"PRO","Promotions/discounts","SVN","Slovenia","2013","2013",0,,
"SUM","Summary","ZAF","South Africa","2008","2008",0.80000001,,
"SUM","Summary","ZAF","South Africa","2013","2013",0.88571429,,
"PRO","Promotions/discounts","ZAF","South Africa","2008","2008",0,,
"PRO","Promotions/discounts","ZAF","South Africa","2013","2013",0,,
"PRO","Promotions/discounts","ITA","Italy","1998","1998",6,,
"PRO","Promotions/discounts","ITA","Italy","2003","2003",6,,
"PRO","Promotions/discounts","ITA","Italy","2008","2008",6,,
"PRO","Promotions/discounts","ITA","Italy","2013","2013",6,,
"PRO","Promotions/discounts","JPN","Japan","1998","1998",3,,
"PRO","Promotions/discounts","JPN","Japan","2003","2003",3,,
"PRO","Promotions/discounts","JPN","Japan","2008","2008",3,,
"PRO","Promotions/discounts","JPN","Japan","2013","2013",3,,
"PRO","Promotions/discounts","KOR","Korea","1998","1998",0,,
"PRO","Promotions/discounts","KOR","Korea","2003","2003",0,,
"PRO","Promotions/discounts","KOR","Korea","2008","2008",0,,
"PRO","Promotions/discounts","KOR","Korea","2013","2013",0,,
"PRO","Promotions/discounts","LUX","Luxembourg","2003","2003",6,,
"PRO","Promotions/discounts","LUX","Luxembourg","2008","2008",6,,
"PRO","Promotions/discounts","LUX","Luxembourg","2013","2013",6,,
"PRO","Promotions/discounts","MEX","Mexico","1998","1998",0,,
"PRO","Promotions/discounts","MEX","Mexico","2003","2003",0,,
"PRO","Promotions/discounts","MEX","Mexico","2008","2008",0,,
"PRO","Promotions/discounts","MEX","Mexico","2013","2013",0,,
"PRO","Promotions/discounts","POL","Poland","2008","2008",2,,
"PRO","Promotions/discounts","POL","Poland","2013","2013",2,,
"PRO","Promotions/discounts","CHN","China (People's Republic of)","2008","2008",0,,
"PRO","Promotions/discounts","CHN","China (People's Republic of)","2013","2013",0,,
"SUM","Summary","HRV","Croatia","2013","2013",1.4190476,,
"LPC","Registration and licensing requirements","HRV","Croatia","2013","2013",4.8000002,,
"SRO","Specific regulation of large outlet","HRV","Croatia","2013","2013",0,,
"PEF","Protection of existing firms","HRV","Croatia","2013","2013",0,,
"ROO","Regulation concerning shop opening hours","HRV","Croatia","2013","2013",0,,
"PCL","Price controls","HRV","Croatia","2013","2013",1.7142857,,
"PRO","Promotions/discounts","HRV","Croatia","2013","2013",2,,
"SUM","Summary","CYP","Cyprus","2013","2013",1.6738095,,
"LPC","Registration and licensing requirements","CYP","Cyprus","2013","2013",3.9000001,,
"SRO","Specific regulation of large outlet","CYP","Cyprus","2013","2013",0,,
"PEF","Protection of existing firms","CYP","Cyprus","2013","2013",0,,
"ROO","Regulation concerning shop opening hours","CYP","Cyprus","2013","2013",4.1428571,,
"PCL","Price controls","CYP","Cyprus","2013","2013",2,,
"PRO","Promotions/discounts","CYP","Cyprus","2013","2013",0,,
"SUM","Summary","IND","India","2013","2013",2.1142857,,
"SRO","Specific regulation of large outlet","IND","India","2013","2013",0,,
"PRO","Promotions/discounts","IND","India","2013","2013",0,,
"SUM","Summary","LVA","Latvia","2013","2013",0.40000001,,
"LPC","Registration and licensing requirements","LVA","Latvia","2013","2013",2.4000001,,
"SRO","Specific regulation of large outlet","LVA","Latvia","2013","2013",0,,
"PEF","Protection of existing firms","LVA","Latvia","2013","2013",0,,
"ROO","Regulation concerning shop opening hours","LVA","Latvia","2013","2013",0,,
"PCL","Price controls","LVA","Latvia","2013","2013",0,,
"PRO","Promotions/discounts","LVA","Latvia","2013","2013",0,,
"SUM","Summary","LTU","Lithuania","2013","2013",1.1095238,,
"LPC","Registration and licensing requirements","LTU","Lithuania","2013","2013",1.8,,
"SRO","Specific regulation of large outlet","LTU","Lithuania","2013","2013",4,,
"PEF","Protection of existing firms","LTU","Lithuania","2013","2013",0,,
"ROO","Regulation concerning shop opening hours","LTU","Lithuania","2013","2013",0,,
"PCL","Price controls","LTU","Lithuania","2013","2013",0.85714287,,
"PRO","Promotions/discounts","LTU","Lithuania","2013","2013",0,,
"SUM","Summary","MLT","Malta","2013","2013",1.0880952,,
"LPC","Registration and licensing requirements","MLT","Malta","2013","2013",3.5999999,,
"SRO","Specific regulation of large outlet","MLT","Malta","2013","2013",0,,
"PEF","Protection of existing firms","MLT","Malta","2013","2013",0,,
"ROO","Regulation concerning shop opening hours","MLT","Malta","2013","2013",2.9285715,,
"PCL","Price controls","MLT","Malta","2013","2013",0,,
"PRO","Promotions/discounts","MLT","Malta","2013","2013",0,,
"SUM","Summary","ROU","Romania","2013","2013",1.8000001,,
"LPC","Registration and licensing requirements","ROU","Romania","2013","2013",4.8000002,,
"SRO","Specific regulation of large outlet","ROU","Romania","2013","2013",0,,
"PEF","Protection of existing firms","ROU","Romania","2013","2013",0,,
"ROO","Regulation concerning shop opening hours","ROU","Romania","2013","2013",0,,
"PCL","Price controls","ROU","Romania","2013","2013",2,,
"PRO","Promotions/discounts","ROU","Romania","2013","2013",4,,
"PRO","Promotions/discounts","RUS","Russia","2008","2008",3,,
"PRO","Promotions/discounts","RUS","Russia","2013","2013",2,,
